Attribute Name,AVP Code,Section defined,Value Type,Must,May,Should not,Must not,extra rows
@vendor,10415,,,,,,,
,,,,,,,,
@standard,3GPP TS 29.061,,,,,,,
#=,,,,,,,,
# 3GPP TS 29.061 V15.5.0 (2018-12),,,,,,,,
# From 3GPP 29061-f50.doc,,,,,,,,
#=,,,,,,,,
#,,,,,,,,
#=,,,,,,,,
# 3GPP TS 29.061 Table 9a: Gi/Sgi specific AVPs,,,,,,,,
#,,,,,,,,
# Note: 3GPP TS 29.061 is unclear and inconsistent about M.,,,,,,,,
"# For this reason, other sources are assumed more trustworthy.",,,,,,,,
#=,,,,,,,,
#,,,,,,,,
# Note: 3GPP-IMSI (1) changed to Must M.,,,,,,,,
3GPP-IMSI,1,16.4.7,UTF8String,"M,V",P,,,Y
"# Note: 3GPP-Charging-Id (2) type changed from OctetString to Unsigned32,",,,,,,,,
# per 3GPP TS 29.061 clause 16.4.7.2/2 and packet dumps.,,,,,,,,
3GPP-Charging-Id,2,16.4.7,Unsigned32,"M,V",P,,,Y
# Note: 3GPP-PDP-Type (3) changed to Must M.,,,,,,,,
3GPP-PDP-Type,3,16.4.7,Enumerated,"M,V",P,,,Y
3GPP-CG-Address,4,16.4.7,OctetString,V,P,,M,Y
# Note: 3GPP-GPRS-Negotiated-QoS-Profile (5) changed to Must M per contrib/3gpp.,,,,,,,,
3GPP-GPRS-Negotiated-QoS-Profile,5,16.4.7,UTF8String,"M,V",P,,,Y
3GPP-SGSN-Address,6,16.4.7,OctetString,V,P,,M,Y
3GPP-GGSN-Address,7,16.4.7,OctetString,V,P,,M,Y
# Note: 3GPP-IMSI-MCC-MNC (8) changed to Must M per packet dumps.,,,,,,,,
3GPP-IMSI-MCC-MNC,8,16.4.7,UTF8String,"M,V",P,,,Y
# Note: 3GPP-GGSN-MCC-MNC (9) changed to Must M per contrib/3gpp.,,,,,,,,
3GPP-GGSN-MCC-MNC,9,16.4.7,UTF8String,"M,V",P,,,Y
# Note: 3GPP-NSAPI (10) changed to Must M per contrib/3gpp.,,,,,,,,
3GPP-NSAPI,10,16.4.7,OctetString,"M,V",P,,,Y
# Note: 3GPP TS 29.061 table 9a does not define,,,,,,,,
# 3GPP-Session-Stop-Indicator (11) even when it is referenced,,,,,,,,
# by other 3GPP Diameter AVPs including PS-Information (874).,,,,,,,,
3GPP-Session-Stop-Indicator,11,16.4.7,OctetString,V,P,,M,
# Note: 3GPP-Selection-Mode (12) changed to Must M per contrib/3gpp.,,,,,,,,
3GPP-Selection-Mode,12,16.4.7,UTF8String,"M,V",P,,,Y
# Note: 3GPP-Charging-Characteristics (13) changed to Must M per contrib/3gpp.,,,,,,,,
3GPP-Charging-Characteristics,13,16.4.7,UTF8String,"M,V",P,,,Y
# Note: 3GPP TS 29.061 V12.6.0 (2014-06) renamed,,,,,,,,
# 3GPP-CG-IPv6-Address (14) to 3GPP-CG-Ipv6-Address.,,,,,,,,
# This rename was not applied.,,,,,,,,
# 3GPP-CG-IPv6-Address (14) changed to Must M per contrib/3gpp.,,,,,,,,
3GPP-CG-IPv6-Address,14,16.4.7,OctetString,"M,V",P,,,Y
# Note: 3GPP TS 29.061 V12.6.0 (2014-06) renamed,,,,,,,,
# 3GPP-SGSN-IPv6-Address (15) to 3GPP-SGSN-Ipv6-Address.,,,,,,,,
# This rename was not applied.,,,,,,,,
# 3GPP-SGSN-IPv6-Address (15) changed to Must M per contrib/3gpp.,,,,,,,,
3GPP-SGSN-IPv6-Address,15,16.4.7,OctetString,"M,V",P,,,Y
# Note: 3GPP TS 29.061 V12.6.0 (2014-06) renamed,,,,,,,,
# 3GPP-GGSN-IPv6-Address (16) to 3GPP-GGSN-Ipv6-Address.,,,,,,,,
# This rename was not applied.,,,,,,,,
# 3GPP-GGSN-IPv6-Address (16) changed to Must M per contrib/3gpp.,,,,,,,,
3GPP-GGSN-IPv6-Address,16,16.4.7,OctetString,"M,V",P,,,Y
# Note: 3GPP TS 29.061 V12.6.0 (2014-06) renamed,,,,,,,,
# 3GPP-IPv6-DNS-Servers (17) to 3GPP-Ipv6-DNS-Servers.,,,,,,,,
# This rename was not applied.,,,,,,,,
# 3GPP-IPv6-DNS-Servers (17) changed to Must M per contrib/3gpp.,,,,,,,,
3GPP-IPv6-DNS-Servers,17,16.4.7,OctetString,"M,V",P,,,Y
# Note: 3GPP-SGSN-MCC-MNC (18) changed to Must M per contrib/3gpp.,,,,,,,,
3GPP-SGSN-MCC-MNC,18,16.4.7,UTF8String,"M,V",P,,,Y
# Note: 3GPP-IMEISV (20) changed to Must M.,,,,,,,,
3GPP-IMEISV,20,16.4.7,OctetString,"M,V",P,,,Y
# Note: 3GPP-RAT-Type (21) changed to Must M.,,,,,,,,
3GPP-RAT-Type,21,16.4.7,OctetString,"M,V",P,,,Y
# Note: 3GPP-User-Location-Info (22) changed to Must M.,,,,,,,,
3GPP-User-Location-Info,22,16.4.7,OctetString,"M,V",P,,,Y
# Note: 3GPP-MS-TimeZone (23) changed to Must M.,,,,,,,,
3GPP-MS-TimeZone,23,16.4.7,OctetString,"M,V",P,,,Y
3GPP-CAMEL-Charging-Info,24,16.4.7,OctetString,V,P,,M,Y
3GPP-Packet-Filter,25,16.4.7,OctetString,V,P,,M,Y
3GPP-Negotiated-DSCP,26,16.4.7,OctetString,V,P,,M,Y
3GPP-Allocate-IP-Type,27,16.4.7,OctetString,V,P,,M,Y
# Note: 3GPP TS 29.061 table 9a does not define,,,,,,,,
# External-Identifier (28) for Diameter.,,,,,,,,
# 3GPP TS 29.061 table 9b refers to 3GPP TS 29.336,,,,,,,,
# for External-Identifier (3111).,,,,,,,,
# ,,,,,,,,
# External-Identifier (28) OctetString replaced by,,,,,,,,
# External-Identifier (3111) UTF8String.,,,,,,,,
#,,,,,,,,
#,,,,,,,,
TWAN-Identifier,29,16.4.7,OctetString,V,P,,M,Y
3GPP-User-Location-Info-Time,30,16.4.7,OctetString,V,P,,M,Y
3GPP-Secondary-RAT-Usage,31,16.4.7,OctetString,V,P,,M,Y
#=,,,,,,,,
# 3GPP TS 29.061 Table 10: Gmb specific AVPs,,,,,,,,
#=,,,,,,,,
#,,,,,,,,
TMGI,900,17.7.2,OctetString,"M,V",P,,,Y
Required-MBMS-Bearer-Capabilities,901,17.7.3,UTF8String,"M,V",P,,,Y
MBMS-StartStop-Indication,902,17.7.5,Enumerated,"M,V",P,,,Y
MBMS-Service-Area,903,17.7.6,OctetString,"M,V",P,,,Y
MBMS-Session-Duration,904,17.7.7,OctetString,"M,V",P,,,Y
Alternative-APN,905,17.7.8,UTF8String,"M,V",P,,,Y
MBMS-Service-Type,906,17.7.9,Enumerated,"M,V",P,,,Y
MBMS-2G-3G-Indicator,907,17.7.10,Enumerated,"M, V",P,,,Y
MBMS-Session-Identity,908,17.7.11,OctetString,"M,V",P,,,Y
RAI,909,17.7.12,UTF8String,"M, V",P,,,Y
Additional-MBMS-Trace-Info,910,17.7.13,OctetString,"M,V",P,,,Y
MBMS-Time-To-Data-Transfer,911,17.7.14,OctetString,"M,V",P,,,Y
MBMS-Session-Repetition-Number,912,17.7.15,OctetString,"M,V",P,,,Y
MBMS-Required-QoS,913,17.7.16,UTF8String,"M,V",P,,,Y
MBMS-Counting-Information,914,17.7.17,Enumerated,"M,V",P,,,Y
MBMS-User-Data-Mode-Indication,915,17.7.18,Enumerated,"M,V",P,,,Y
MBMS-GGSN-Address,916,17.7.19,OctetString,"M,V",P,,,Y
# Note: 3GPP TS 29.061 V12.6.0 (2014-06) renamed,,,,,,,,
# MBMS-GGSN-IPv6-Address (917) to MBMS-GGSN-Ipv6-Address.,,,,,,,,
# This rename was not applied.,,,,,,,,
MBMS-GGSN-IPv6-Address,917,17.7.20,OctetString,"M,V",P,,,Y
MBMS-BMSC-SSM-IP-Address,918,17.7.21,OctetString,"M,V",P,,,Y
# Note: 3GPP TS 29.061 V12.6.0 (2014-06) renamed,,,,,,,,
# MBMS-BMSC-SSM-IPv6-Address (919) to MBMS-BMSC-SSM-Ipv6-Address.,,,,,,,,
# This rename was not applied.,,,,,,,,
MBMS-BMSC-SSM-IPv6-Address,919,17.7.22,OctetString,"M,V",P,,,Y
MBMS-Flow-Identifier,920,17.7.23,OctetString,"M,V",P,,,Y
CN-IP-Multicast-Distribution,921,17.7.24,Enumerated,"M,V",P,,,Y
MBMS-HC-Indicator,922,17.7.25,Enumerated,"M,V",P,,,Y
,,,,,,,,
#=,,,,,,,,
# 3GPP TS 29.061 Table 20.5a.1: SGmb specific AVPs,,,,,,,,
#=,,,,,,,,
#,,,,,,,,
MBMS-Access-Indicator,923,20.5a.1,Enumerated,"M,V",P,,,Y
MBMS-GW-SSM-IP-Address,924,20.5a.2,OctetString,V,P,,M,Y
# Note: 3GPP TS 29.061 V12.6.0 (2014-06) renamed,,,,,,,,
# MBMS-GW-SSM-IPv6-Address (925) to MBMS-GW-SSM-Ipv6-Address.,,,,,,,,
# This rename was not applied.,,,,,,,,
MBMS-GW-SSM-IPv6-Address,925,20.5a.3,OctetString,V,P,,M,Y
MBMS-BMSC-SSM-UDP-Port,926,20.5a.4,OctetString,V,P,,M,Y
MBMS-GW-UDP-Port,927,20.5a.5,OctetString,V,P,,M,Y
MBMS-GW-UDP-Port-Indicator,928,20.5a.6,Enumerated,V,P,,M,Y
MBMS-Data-Transfer-Start,929,20.5a.7,Unsigned64,V,P,,M,Y
MBMS-Data-Transfer-Stop,930,20.5a.8,Unsigned64,V,P,,M,Y
MBMS-Flag,931,20.5a.9,Unsigned32,V,P,,M,Y
Restart-Counter,932,20.5a.10,Unsigned32,V,P,,M,Y
Diagnostic-Info,933,20.5a.11,Unsigned32,V,P,,M,Y
MBMS-Cell-List,934,20.5a.12,OctetString,V,P,,M,Y
,,,,,,,,
@standard,3GPP TS 29.128,,,,,,,
#=,,,,,,,,
# 3GPP TS 29.128 V15.6.0 (2019-09),,,,,,,,
# From 3GPP 29128-f60.docx,,,,,,,,
#=,,,,,,,,
#,,,,,,,,
#=,,,,,,,,
# 3GPP TS 29.128 Table 6.4.1-1: T6a/T6b specific Diameter AVPs,,,,,,,,
#=,,,,,,,,
#,,,,,,,,
Communication-Failure-Information,4300,6.4.4,Grouped,"M,V",,,,No
Cause-Type,4301,6.4.5,Unsigned32,"M,V",,,,No
S1AP-Cause,4302,6.4.6,Unsigned32,"M,V",,,,No
RANAP-Cause,4303,6.4.7,Unsigned32,"M,V",,,,No
BSSGP-Cause,4309,6.4.8,Unsigned32,"M,V",,,,No
GMM-Cause,4304,6.4.9,Unsigned32,"M,V",,,,No
SM-Cause,4305,6.4.10,Unsigned32,"M,V",,,,No
Number-Of-UE-Per-Location-Configuration,4306,6.4.11,Grouped,"M,V",,,,No
Number-Of-UE-Per-Location-Report,4307,6.4.12,Grouped,"M,V",,,,No
UE-Count,4308,6.4.13,Unsigned32,"M,V",,,,No
Connection-Action,4314,6.4.18,Unsigned32,"M,V",,,,No
# Note: 3GPP TS 29.128 table 6.4.1-1 row Non-IP-Data (4315),,,,,,,,
"# has type ""Octetstring"" instead of ""OctetString"".",,,,,,,,
Non-IP-Data,4315,6.4.19,OctetString,"M,V",,,,No
Serving-PLMN-Rate-Control,4310,6.4.21,Grouped,"M,V",,,,No
Uplink-Rate-Limit,4311,6.4.23,Unsigned32,"M,V",,,,No
Downlink-Rate-Limit,4312,6.4.22,Unsigned32,"M,V",,,,No
Extended-PCO,4313,6.4.26,OctetString,"M,V",,,,No
SCEF-Wait-Time,4316,6.4.24,Time,"M,V",,,,No
CMR-Flags,4317,6.4.25,Unsigned32,"M,V",,,,No
RRC-Cause-Counter,4318,6.4.27,Grouped,"M,V",,,,No
Counter-Value,4319,6.4.28,Unsigned32,"M,V",,,,No
RRC-Counter-Timestamp,4320,6.4.29,Time,"M,V",,,,No
TDA-Flags,4321,6.4.31,Unsigned32,V,,,M,No
Idle-Status-Indication,4322,6.4.32,Grouped,V,,,M,No
Idle-Status-Timestamp,4323,6.4.33,Time,V,,,M,No
Active-Time,4324,6.4.34,Unsigned32,V,,,M,No
,,,,,,,,
@standard,3GPP TS 29.140,,,,,,,
#=,,,,,,,,
# 3GPP TS 29.140 V7.0.0 (2007-06),,,,,,,,
# From 3GPP 29140-700.doc,,,,,,,,
#=,,,,,,,,
#,,,,,,,,
#=,,,,,,,,
# 3GPP TS 29.140 Table 6.3.1: Diameter MM10 Application AVPs,,,,,,,,
# ,,,,,,,,
# Note: AVPs referenced from other sources are not added here.,,,,,,,,
#=,,,,,,,,
#,,,,,,,,
Served-User-Identity,1100,6.3.1,Grouped,"M,V",,,,N
VASP-ID,1101,6.3.3,UTF8String,"M,V",,,,N
VAS-ID,1102,6.3.4,UTF8String,"M,V",,,,N
Trigger-Event,1103,6.3.5,Enumerated,"M,V",,,,N
Sender-Address,1104,6.3.7,UTF8String,"M,V",,,,N
Initial-Recipient-Address,1105,6.3.8,Grouped,"M,V",,,,N
Result-Recipient-Address,1106,6.3.9,Grouped,"M,V",,,,N
# Note: Name conflict with 3GPP TS 32.329 Sequence-Number (716).,,,,,,,,
# Sequence-Number (1107) renamed to Sequence-Number-29.140 (1107).,,,,,,,,
Sequence-Number-29.140,1107,6.3.10,Unsigned32,"M,V",,,,N
# Note: Name conflict with 3GPP TS 32.299 Recipient-Address (1201).,,,,,,,,
# Recipient-Address (1108) renamed to Recipient-Address-29.140 (1108).,,,,,,,,
Recipient-Address-29.140,1108,6.3.11,UTF8String,"M,V",,,,N
Routeing-Address,1109,6.3.12,UTF8String,"M,V",,,,N
Originating-Interface,1110,6.3.13,Enumerated,"M,V",,,,N
Delivery-Report,1111,6.3.14,Enumerated,"M,V",,,,N
Read-Reply,1112,6.3.15,Enumerated,"M,V",,,,N
Sender-Visibility,1113,6.3.16,Enumerated,"M,V",,,,N
Service-Key,1114,6.3.17,UTF8String,"M,V",,,,N
Billing-Information,1115,6.3.18,UTF8String,"M,V",,,,N
# Note: Name conflict with 3GPP TS 32.299 Status (2702).,,,,,,,,
# Status (1116) renamed to Status-29.140 (1116).,,,,,,,,
Status-29.140,1116,6.3.19,Grouped,"M,V",,,,N
Status-Code,1117,6.3.20,UTF8String,"M,V",,,,N
Status-Text,1118,6.3.21,UTF8String,"M,V",,,,N
Routeing-Address-Resolution,1119,6.3.22,Enumerated,"M,V",,,,N
,,,,,,,,
@standard,3GPP TS 29.172,,,,,,,
#=,,,,,,,,
# 3GPP TS 29.172 V15.2.0 (2019-12),,,,,,,,
# From 3GPP 29172-f20.docx,,,,,,,,
#=,,,,,,,,
#,,,,,,,,
#=,,,,,,,,
# 3GPP TS 29.172 Table 7.4.1-1: Diameter ELP Application AVPs,,,,,,,,
#=,,,,,,,,
#,,,,,,,,
SLg-Location-Type,2500,7.4.2,Enumerated,"M, V",,,,No
LCS-EPS-Client-Name,2501,7.4.3,Grouped,"M, V",,,,No
LCS-Requestor-Name,2502,7.4.4,Grouped,"M, V",,,,No
LCS-Priority,2503,7.4.5,Unsigned32,"M, V",,,,No
LCS-QoS,2504,7.4.6,Grouped,"M, V",,,,No
Horizontal-Accuracy,2505,7.4.7,Unsigned32,"M, V",,,,No
Vertical-Accuracy,2506,7.4.8,Unsigned32,"M, V",,,,No
Vertical-Requested,2507,7.4.9,Enumerated,"M, V",,,,No
Velocity-Requested,2508,7.4.10,Enumerated,"M, V",,,,No
Response-Time,2509,7.4.11,Enumerated,"M, V",,,,No
Supported-GAD-Shapes,2510,7.4.12,Unsigned32,"M, V",,,,No
LCS-Codeword,2511,7.4.13,UTF8String,"M, V",,,,No
LCS-Privacy-Check,2512,7.4.14,Enumerated,"M, V",,,,No
Accuracy-Fulfilment-Indicator,2513,7.4.15,Enumerated,"M, V",,,,No
Age-Of-Location-Estimate,2514,7.4.16,Unsigned32,"M, V",,,,No
Velocity-Estimate,2515,7.4.17,OctetString,"M, V",,,,No
EUTRAN-Positioning-Data,2516,7.4.18,OctetString,"M, V",,,,No
ECGI,2517,7.4.19,OctetString,"M, V",,,,No
Location-Event,2518,7.4.20,Enumerated,"M, V",,,,No
Pseudonym-Indicator,2519,7.4.21,Enumerated,"M, V",,,,No
LCS-Service-Type-ID,2520,7.4.22,Unsigned32,"M, V",,,,No
LCS-Privacy-Check-Non-Session,2521,7.4.23,Grouped,"M, V",,,,No
LCS-Privacy-Check-Session,2522,7.4.24,Grouped,"M, V",,,,No
LCS-QoS-Class,2523,7.4.27,Enumerated,"M, V",,,,No
GERAN-Positioning-Info,2524,7.4.29,Grouped,V,,,M,No
GERAN-Positioning-Data,2525,7.4.30,OctetString,V,,,M,No
GERAN-GANSS-Positioning-Data,2526,7.4.31,OctetString,V,,,M,No
UTRAN-Positioning-Info,2527,7.4.32,Grouped,V,,,M,No
UTRAN-Positioning-Data,2528,7.4.33,OctetString,V,,,M,No
UTRAN-GANSS-Positioning-Data,2529,7.4.34,OctetString,V,,,M,No
LRR-Flags,2530,7.4.35,Unsigned32,V,,,M,No
LCS-Reference-Number,2531,7.4.37,OctetString,V,,,M,No
Deferred-Location-Type,2532,7.4.36,Unsigned32,V,,,M,No
Area-Event-Info,2533,7.4.38,Grouped,V,,,M,No
Area-Definition,2534,7.4.39,Grouped,V,,,M,No
Area,2535,7.4.40,Grouped,V,,,M,No
Area-Type,2536,7.4.41,Unsigned32,V,,,M,No
Area-Identification,2537,7.4.42,Grouped,V,,,M,No
Occurrence-Info,2538,7.4.43,Enumerated,V,,,M,No
Interval-Time,2539,7.4.44,Unsigned32,V,,,M,No
Periodic-LDR-Information,2540,7.4.45,Grouped,V,,,M,No
Reporting-Amount,2541,7.4.46,Unsigned32,V,,,M,No
Reporting-Interval,2542,7.4.47,Unsigned32,V,,,M,No
Reporting-PLMN-List,2543,7.4.48,Grouped,V,,,M,No
PLMN-ID-List,2544,7.4.49,Grouped,V,,,M,No
PLR-Flags,2545,7.4.52,Unsigned32,V,,,M,No
PLA-Flags,2546,7.4.53,Unsigned32,V,,,M,No
Deferred-MT-LR-Data,2547,7.4.54,Grouped,V,,,M,No
Termination-Cause,2548,7.4.55,Unsigned32,V,,,M,No
LRA-Flags,2549,7.4.56,Unsigned32,V,,,M,No
Periodic-Location-Support-Indicator,2550,7.4.50,Enumerated,V,,,M,No
Prioritized-List-Indicator,2551,7.4.51,Enumerated,V,,,M,No
ESMLC-Cell-Info,2552,7.4.57,Grouped,V,,,M,No
Cell-Portion-ID,2553,7.4.58,Unsigned32,V,,,M,No
1xRTT-RCID,2554,7.4.59,OctetString,V,,,M,No
Delayed-Location-Reporting-Data,2555,7.4.60,Grouped,V,,,M,No
Civic-Address,2556,7.4.61,UTF8String,V,,,M,No
Barometric-Pressure,2557,7.4.62,Unsigned32,V,,,M,No
UTRAN-Additional-Positioning-Data,2558,7.4.63,OctetString,V,,,M,No
Motion-Event-Info,2559,7.4.64,Grouped,V,,,M,No
Linear-Distance,2560,7.4.65,Unsigned32,V,,,M,No
Maximum-Interval,2561,7.4.66,Unsigned32,V,,,M,No
Sampling-Interval,2562,7.4.67,Unsigned32,V,,,M,No
Reporting-Duration,2563,7.4.68,Unsigned32,V,,,M,No
Reporting-Location-Requirements,2564,7.4.69,Unsigned32,V,,,M,No
Additional-Area,2565,7.4.70,Grouped,V,,,M,No
,,,,,,,,
@standard,3GPP TS 29.173,,,,,,,
#=,,,,,,,,
# 3GPP TS 29.173 V15.0.0 (2018-06),,,,,,,,
# From 3GPP 29173-f00.doc,,,,,,,,
#=,,,,,,,,
#,,,,,,,,
#=,,,,,,,,
# 3GPP TS 29.173 Table 6.4.1/1: SLh specific Diameter AVPs,,,,,,,,
#=,,,,,,,,
#,,,,,,,,
LMSI,2400,6.4.2,OctetString,"M,V",,,,N
Serving-Node,2401,6.4.3,Grouped,"M,V",,,,N
MME-Name,2402,6.4.4,DiameterIdentity,"M,V",,,,N
MSC-Number,2403,6.4.5,OctetString,"M,V",,,,N
LCS-Capabilities-Sets,2404,6.4.6,Unsigned32,"M,V",,,,N
GMLC-Address,2405,6.4.7,Address,"M,V",,,,N
Additional-Serving-Node,2406,6.4.8,Grouped,"M,V",,,,N
PPR-Address,2407,6.4.9,Address,"M,V",,,,N
MME-Realm,2408,6.4.12,DiameterIdentity,V,,,M,N
SGSN-Name,2409,6.4.13,DiameterIdentity,V,,,M,N
SGSN-Realm,2410,6.4.14,DiameterIdentity,V,,,M,N
RIA-Flags,2411,6.4.15,Unsigned32,V,,,M,N
,,,,,,,,
@standard,3GPP TS 29.210,,,,,,,
#=,,,,,,,,
# 3GPP TS 29.210 V6.7.0 (2006-12),,,,,,,,
# From 3GPP 29210-670.doc,,,,,,,,
# ,,,,,,,,
# Replaced by 3GPP TS 29.212.,,,,,,,,
#=,,,,,,,,
#,,,,,,,,
#=,,,,,,,,
# 3GPP TS 29.210 Table 5.2: Gx specific Diameter AVPs,,,,,,,,
# AVPs not provided by 3GPP TS 29.212.,,,,,,,,
#=,,,,,,,,
#,,,,,,,,
PDP-Session-Operation,1015,5.2.21,Enumerated,"M,V",P,,,Y
,,,,,,,,
@standard,3GPP TS 29.212,,,,,,,
#=,,,,,,,,
# 3GPP TS 29.212 V15.9.0 (2019-12),,,,,,,,
# From 3GPP 29212-f90.doc,,,,,,,,
#=,,,,,,,,
#,,,,,,,,
#=,,,,,,,,
# 3GPP TS 29.212 Table 5.3.0.1: Gx specific Diameter AVPs,,,,,,,,
#=,,,,,,,,
#,,,,,,,,
# Note: 3GPP TS 29.212 V12.1.0 (2013-06) removed ADC-Revalidation-Time (2801).,,,,,,,,
ADC-Revalidation-Time,2801,5.3.93,Time,V,P,,M,Y
3GPP-PS-Data-Off-Status,2847,5.3.133,Enumerated,V,P,,M,Y
Access-Availability-Change-Reason,2833,5.3.121,Unsigned32,V,P,,M,Y
Access-Network-Charging-Identifier-Gx,1022,5.3.22,Grouped,"M,V",P,,,Y
Allocation-Retention-Priority,1034,5.3.32,Grouped,V,P,,M,Y
AN-GW-Address,1050,5.3.49,Address,V,P,,M,Y
AN-GW-Status,2811,5.3.100,Enumerated,V,P,,M,Y
APN-Aggregate-Max-Bitrate-DL,1040,5.3.39,Unsigned32,V,P,,M,Y
APN-Aggregate-Max-Bitrate-UL,1041,5.3.40,Unsigned32,V,P,,M,Y
Application-Detection-Information,1098,5.3.91,Grouped,V,P,,M,Y
Bearer-Control-Mode,1023,5.3.23,Enumerated,"M,V",P,,,Y
Bearer-Identifier,1020,5.3.20,OctetString,"M,V",P,,,Y
Bearer-Operation,1021,5.3.21,Enumerated,"M,V",P,,,Y
Bearer-Usage,1000,5.3.1,Enumerated,"M,V",P,,,Y
Charging-Correlation-Indicator,1073,5.3.67,Enumerated,V,P,,M,Y
Charging-Rule-Base-Name,1004,5.3.5,UTF8String,"M,V",P,,,Y
Charging-Rule-Definition,1003,5.3.4,Grouped,"M,V",P,,,Y
Charging-Rule-Install,1001,5.3.2,Grouped,"M,V",P,,,Y
Charging-Rule-Name,1005,5.3.6,OctetString,"M,V",P,,,Y
Charging-Rule-Remove,1002,5.3.3,Grouped,"M,V",P,,,Y
Charging-Rule-Report,1018,5.3.18,Grouped,"M,V",P,,,Y
CoA-Information,1039,5.3.37,Grouped,V,P,,M,Y
CoA-IP-Address,1035,5.3.33,Address,V,P,,M,Y
Conditional-APN-Aggregate-Max-Bitrate,2818,5.3.105,Grouped,V,P,,M,Y
Conditional-Policy-Information,2840,5.3.128,Grouped,V,P,,M,Y
Credit-Management-Status,1082,5.3.102,Unsigned32,V,P,,M,Y
CSG-Information-Reporting,1071,5.3.64,Enumerated,V,P,,M,Y
Default-Access,2829,5.3.120,Enumerated,V,P,,M,Y
Default-Bearer-Indication,2844,5.3.132,Enumerated,V,P,,M,Y
Default-EPS-Bearer-QoS,1049,5.3.48,Grouped,V,P,,M,Y
Default-QoS-Information,2816,5.3.103,Grouped,V,P,,M,Y
Default-QoS-Name,2817,5.3.104,UTF8String,V,P,,M,Y
Event-Report-Indication,1033,5.3.30,Grouped,V,P,,M,Y
Event-Trigger,1006,5.3.7,Enumerated,"M,V",P,,,Y
Execution-Time,2839,5.3.127,Time,V,P,,M,Y
Extended-APN-AMBR-DL,2848,5.3.134,Unsigned32,V,P,,M,Y
Extended-APN-AMBR-UL,2849,5.3.135,Unsigned32,V,P,,M,Y
Extended-GBR-DL,2850,5.3.136,Unsigned32,V,P,,M,Y
Extended-GBR-UL,2851,5.3.137,Unsigned32,V,P,,M,Y
Flow-Direction,1080,5.3.65,Enumerated,V,P,,M,Y
Flow-Information,1058,5.3.53,Grouped,V,P,,M,Y
Flow-Label,1057,5.3.52,OctetString,V,P,,M,Y
Fixed-User-Location-Info,2825,5.3.112,Grouped,V,P,,M,Y
Guaranteed-Bitrate-DL,1025,5.3.25,Unsigned32,"M,V",P,,,Y
Guaranteed-Bitrate-UL,1026,5.3.26,Unsigned32,"M,V",P,,,Y
# Note: 3GPP TS 29.212 V11.8.0 (2013-03) removed HeNB-BBF-FQDN (2803).,,,,,,,,
HeNB-BBF-FQDN,2803,5.3.94,UTF8String,V,P,,M,Y
HeNB-Local-IP-Address,2804,5.3.95,Address,V,P,,M,Y
IP-CAN-Session-Charging-Scope,2827,5.3.114,Enumerated,V,P,,M,Y
IP-CAN-Type,1027,5.3.27,Enumerated,"M,V",P,,,Y
Max-PLR-DL,2852,5.3.138,Float32,V,P,,M,Y
Max-PLR-UL,2853,5.3.139,Float32,V,P,,M,Y
Metering-Method,1007,5.3.8,Enumerated,"M,V",P,,,Y
Monitoring-Flags,2828,5.3.115,Unsigned32,V,,,M,Y
Monitoring-Key,1066,5.3.59,OctetString,V,P,,M,Y
Mute-Notification,2809,5.3.98,Enumerated,V,P,,M,Y
Monitoring-Time,2810,5.3.99,Time,V,P,,M,Y
NBIFOM-Mode,2830,5.3.117,Enumerated,V,P,,M,Y
NBIFOM-Support,2831,5.3.116,Enumerated,V,P,,M,Y
NetLoc-Access-Support,2824,5.3.111,Unsigned32,V,P,,M,Y
Network-Request-Support,1024,5.3.24,Enumerated,"M,V",P,,,Y
Offline,1008,5.3.9,Enumerated,"M,V",P,,,Y
Online,1009,5.3.10,Enumerated,"M,V",P,,,Y
Packet-Filter-Content,1059,5.3.54,IPFilterRule,V,P,,M,Y
Packet-Filter-Identifier,1060,5.3.55,OctetString,V,P,,M,Y
Packet-Filter-Information,1061,5.3.56,Grouped,V,P,,M,Y
Packet-Filter-Operation,1062,5.3.57,Enumerated,V,P,,M,Y
Packet-Filter-Usage,1072,5.3.66,Enumerated,V,P,,M,Y
PCC-Rule-Status,1019,5.3.19,Enumerated,"M,V",P,,,Y
# Note: 3GPP TS 29.212 table 5.3.0.1 row PDN-Connection-ID (1065),,,,,,,,
# missing M.,,,,,,,,
PDN-Connection-ID,1065,5.3.58,OctetString,V,P,,,Y
PRA-Install,2845,5.3.130,Grouped,V,P,,M,
PRA-Remove,2846,5.3.131,Grouped,V,P,,M,
Precedence,1010,5.3.11,Unsigned32,"M,V",P,,,Y
Pre-emption-Capability,1047,5.3.46,Enumerated,V,P,,M,Y
Pre-emption-Vulnerability,1048,5.3.47,Enumerated,V,P,,M,Y
Presence-Reporting-Area-Elements-List,2820,5.3.107,OctetString,V,P,,M,Y
Presence-Reporting-Area-Identifier,2821,5.3.108,OctetString,V,P,,M,Y
Presence-Reporting-Area-Information,2822,5.3.109,Grouped,V,P,,M,Y
Presence-Reporting-Area-Node,2855,5.3.141,Unsigned32,V,P,,M,Y
Presence-Reporting-Area-Status,2823,5.3.110,Unsigned32,V,P,,M,Y
Priority-Level,1046,5.3.45,Unsigned32,V,P,,M,Y
# Note: 3GPP TS 29.212 table 5.3.0.1 row PS-to-CS-Session-Continuity (1099),,,,,,,,
# missing M.,,,,,,,,
PS-to-CS-Session-Continuity,1099,5.3.84,Enumerated,V,P,,,Y
QoS-Class-Identifier,1028,5.3.17,Enumerated,"M,V",P,,,Y
QoS-Information,1016,5.3.16,Grouped,"M,V",P,,,Y
QoS-Negotiation,1029,5.3.28,Enumerated,"M,V",P,,,Y
QoS-Upgrade,1030,5.3.29,Enumerated,"M,V",P,,,Y
RAN-NAS-Release-Cause,2819,5.3.106,OctetString,V,P,,M,Y
RAN-Rule-Support,2832,5.3.122,Unsigned32,V,P,,M,Y
RAT-Type,1032,5.3.31,Enumerated,V,P,,M,Y
Redirect-Information,1085,5.3.82,Grouped,V,P,,M,Y
Redirect-Support,1086,5.3.83,Enumerated,V,P,,M,Y
Removal-Of-Access,2842,5.3.126,Enumerated,V,P,,M,Y
Reporting-Level,1011,5.3.12,Enumerated,"M,V",P,,,Y
Resource-Allocation-Notification,1063,5.3.50,Enumerated,V,P,,M,Y
Resource-Release-Notification,2841,5.3.125,Enumerated,V,P,,M,Y
Revalidation-Time,1042,5.3.41,Time,"M,V",P,,,Y
Routing-Filter,1078,5.3.72,Grouped,V,P,,M,Y
Routing-IP-Address,1079,5.3.73,Address,V,P,,M,Y
Routing-Rule-Definition,1076,5.3.70,Grouped,V,P,,M,Y
Routing-Rule-Identifier,1077,5.3.71,OctetString,V,P,,M,Y
Routing-Rule-Install,1081,5.3.68,Grouped,V,P,,M,Y
Routing-Rule-Remove,1075,5.3.69,Grouped,V,P,,M,Y
Routing-Rule-Failure-Code,2834,5.3.119,Unsigned32,V,P,,M,Y
Routing-Rule-Report,2835,5.3.118,Grouped,V,P,,M,Y
Rule-Activation-Time,1043,5.3.42,Time,"M,V",P,,,Y
Rule-Deactivation-Time,1044,5.3.43,Time,"M,V",P,,,Y
Rule-Failure-Code,1031,5.3.38,Enumerated,"M,V",P,,,Y
Security-Parameter-Index,1056,5.3.51,OctetString,V,P,,M,Y
Session-Release-Cause,1045,5.3.44,Enumerated,"M,V",P,,,Y
TCP-Source-Port,2843,5.3.129,Unsigned32,V,P,,M,Y
TDF-Information,1087,5.3.78,Grouped,V,P,,M,Y
TDF-Application-Identifier,1088,5.3.77,OctetString,V,P,,M,Y
TDF-Application-Instance-Identifier,2802,5.3.92,OctetString,V,P,,M,Y
TDF-Destination-Host,1089,5.3.80,DiameterIdentity,V,P,,M,Y
TDF-Destination-Realm,1090,5.3.79,DiameterIdentity,V,P,,M,Y
TDF-IP-Address,1091,5.3.81,Address,V,P,,M,Y
TFT-Filter,1012,5.3.13,IPFilterRule,"M,V",P,,,Y
TFT-Packet-Filter-Information,1013,5.3.14,Grouped,"M,V",P,,,Y
Traffic-Steering-Policy-Identifier-DL,2836,5.3.123,OctetString,V,P,,M,Y
Traffic-Steering-Policy-Identifier-UL,2837,5.3.124,OctetString,V,P,,M,Y
ToS-Traffic-Class,1014,5.3.15,OctetString,"M,V",P,,,Y
Tunnel-Header-Filter,1036,5.3.34,IPFilterRule,V,P,,M,Y
Tunnel-Header-Length,1037,5.3.35,Unsigned32,V,P,,M,Y
Tunnel-Information,1038,5.3.36,Grouped,V,P,,M,Y
UDP-Source-Port,2806,5.3.97,Unsigned32,V,P,,M,Y
UE-Local-IP-Address,2805,5.3.96,Address,V,P,,M,Y
UE-Status,2854,5.3.140,Unsigned32,V,P,,M,Y
Usage-Monitoring-Information,1067,5.3.60,Grouped,V,P,,M,Y
Usage-Monitoring-Level,1068,5.3.61,Enumerated,V,P,,M,Y
Usage-Monitoring-Report,1069,5.3.62,Enumerated,V,P,,M,Y
Usage-Monitoring-Support,1070,5.3.63,Enumerated,V,P,,M,Y
User-Location-Info-Time,2812,5.3.101,Time,V,P,,M,Y
PCSCF-Restoration-Indication,2826,5.3.113,Unsigned32,V,P,,M,Y
#=,,,,,,,,
# 3GPP TS 29.212 Table 5a.3.0.1: Gxx specific Diameter AVPs,,,,,,,,
#=,,,,,,,,
#,,,,,,,,
QoS-Rule-Install,1051,5a.3.1,Grouped,"M,V",P,,,Y
QoS-Rule-Remove,1052,5a.3.2,Grouped,"M,V",P,,,Y
QoS-Rule-Definition,1053,5a.3.3,Grouped,"M,V",P,,,Y
QoS-Rule-Name,1054,5a.3.4,OctetString,"M,V",P,,,Y
QoS-Rule-Base-Name,1074,5a.3.7,UTF8String,V,P,,M,Y
QoS-Rule-Report,1055,5a.3.5,Grouped,"M,V",P,,,Y
Session-Linking-Indicator,1064,5a.3.6,Enumerated,"M,V",P,,,Y
#=,,,,,,,,
# 3GPP TS 29.212 Table 5b.3.0.1: Sd specific Diameter AVPs,,,,,,,,
#=,,,,,,,,
#,,,,,,,,
ADC-Rule-Base-Name,1095,5b.3.4,UTF8String,"M,V",P,,,Y
ADC-Rule-Definition,1094,5b.3.3,Grouped,"M,V",P,,,Y
ADC-Rule-Install,1092,5b.3.1,Grouped,"M,V",P,,,Y
ADC-Rule-Name,1096,5b.3.5,OctetString,"M,V",P,,,Y
ADC-Rule-Remove,1093,5b.3.2,Grouped,"M,V",P,,,Y
ADC-Rule-Report,1097,5b.3.6,Grouped,"M,V",P,,,Y
#=,,,,,,,,
# 3GPP TS 29.212 Table 5c.3.1.1: St specific Diameter AVPs,,,,,,,,
#=,,,,,,,,
#,,,,,,,,
Request-Type,2838,5c.3.2,Unsigned32,"M,V",P,,,Y
#=,,,,,,,,
# 3GPP TS 29.212 Table E.6.3.1.1: S15 specific Diameter AVPs,,,,,,,,
#=,,,,,,,,
#,,,,,,,,
CS-Service-Qos-Request-Identifier,2807,E.6.3.2,OctetString,"M, V",P,,,Y
CS-Service-QoS-Request-Operation,2808,E.6.3.3,Enumerated,"M, V",P,,,Y
CS-Service-Resource-Report,2813,E.6.3.6,Grouped,"M, V",P,,,Y
CS-Service-Resource-Failure-Cause,2814,E.6.3.5,Enumerated,"M, V",P,,,Y
CS-Service-Resource-Result-Operation,2815,E.6.3.4,Enumerated,"M, V",P,,,Y
,,,,,,,,
@standard,3GPP TS 29.214,,,,,,,
#=,,,,,,,,
# 3GPP TS 29.214 V15.7.0 (2019-09),,,,,,,,
# From 3GPP 29214-f70.doc,,,,,,,,
#=,,,,,,,,
#,,,,,,,,
#=,,,,,,,,
# 3GPP TS 29.214 Table 5.3.0.1: Rx specific Diameter AVPs,,,,,,,,
#=,,,,,,,,
#,,,,,,,,
Abort-Cause,500,5.3.1,Enumerated,"M,V",P,,,Y
Access-Network-Charging-Address,501,5.3.2,Address,"M,V",P,,,Y
Access-Network-Charging-Identifier,502,5.3.3,Grouped,"M,V",P,,,Y
Access-Network-Charging-Identifier-Value,503,5.3.4,OctetString,"M,V",P,,,Y
Acceptable-Service-Info,526,5.3.24,Grouped,"M,V",P,,,Y
AF-Application-Identifier,504,5.3.5,OctetString,"M,V",P,,,Y
AF-Charging-Identifier,505,5.3.6,OctetString,"M,V",P,,,Y
AF-Requested-Data,551,5.3.50,Unsigned32,V,P,,M,Y
AF-Signalling-Protocol,529,5.3.26,Enumerated,V,P,,M,Y
Application-Service-Provider-Identity,532,5.3.29,UTF8String,V,P,,M,Y
Codec-Data,524,5.3.7,OctetString,"M,V",P,,,Y
Content-Version,552,5.3.49,Unsigned64,V,P,,M,Y
Extended-Max-Requested-BW-DL,554,5.3.52,Unsigned32,V,P,,M,Y
Extended-Max-Requested-BW-UL,555,5.3.53,Unsigned32,V,P,,M,Y
Extended-Max-Supported-BW-DL,556,5.3.54,Unsigned32,V,P,,M,Y
Extended-Max-Supported-BW-UL,557,5.3.55,Unsigned32,V,P,,M,Y
Extended-Min-Desired-BW-DL,558,5.3.56,Unsigned32,V,P,,M,Y
Extended-Min-Desired-BW-UL,559,5.3.57,Unsigned32,V,P,,M,Y
Extended-Min-Requested-BW-DL,560,5.3.58,Unsigned32,V,P,,M,Y
Extended-Min-Requested-BW-UL,561,5.3.59,Unsigned32,V,P,,M,Y
Flow-Description,507,5.3.8,IPFilterRule,"M,V",P,,,Y
Flow-Number,509,5.3.9,Unsigned32,"M,V",P,,,Y
Flows,510,5.3.10,Grouped,"M,V",P,,,Y
Flow-Status,511,5.3.11,Enumerated,"M,V",P,,,Y
Flow-Usage,512,5.3.12,Enumerated,"M,V",P,,,Y
GCS-Identifier,538,5.3.36,OctetString,V,P,,M,Y
# Note: 3GPP TS 29.214 table 5.3.0.1 row IMS-Content-Identifier (563),,,,,,,,
"# missing M, assume MUST NOT.",,,,,,,,
IMS-Content-Identifier,563,5.3.60,OctetString,V,P,,M,Y
# Note: 3GPP TS 29.214 table 5.3.0.1 row IMS-Content (564),,,,,,,,
"# missing M, assume MUST NOT.",,,,,,,,
IMS-Content-Type,564,5.3.61,Enumerated,V,P,,M,Y
IP-Domain-Id,537,5.3.35,OctetString,V,P,,M,Y
Max-Requested-Bandwidth-DL,515,5.3.14,Unsigned32,"M,V",P,,,Y
Max-Requested-Bandwidth-UL,516,5.3.15,Unsigned32,"M,V",P,,,Y
Max-Supported-Bandwidth-DL,543,5.3.41,Unsigned32,V,P,,M,Y
Max-Supported-Bandwidth-UL,544,5.3.42,Unsigned32,V,P,,M,Y
MCPTT-Identifier,547,5.3.45,OctetString,V,P,,M,Y
MCVideo-Identifier,562,5.3.45a,OctetString,V,P,,M,Y
Media-Component-Description,517,5.3.16,Grouped,"M,V",P,,,Y
Media-Component-Number,518,5.3.17,Unsigned32,"M,V",P,,,Y
Media-Component-Status,549,5.3.48,Unsigned32,V,P,,M,Y
Media-Sub-Component,519,5.3.18,Grouped,"M,V",P,,,Y
Media-Type,520,5.3.19,Enumerated,"M,V",P,,,Y
MPS-Identifier,528,5.3.30,OctetString,V,P,,M,Y
Min-Desired-Bandwidth-DL,545,5.3.43,Unsigned32,V,P,,M,
Min-Desired-Bandwidth-UL,546,5.3.44,Unsigned32,V,P,,M,
Min-Requested-Bandwidth-DL,534,5.3.32,Unsigned32,V,P,,M,Y
Min-Requested-Bandwidth-UL,535,5.3.33,Unsigned32,V,P,,M,Y
Priority-Sharing-Indicator,550,5.3.47,Enumerated,V,P,,M,Y
Pre-emption-Control-Info,553,5.3.51,Unsigned32,V,P,,M,Y
Required-Access-Info,536,5.3.34,Enumerated,V,P,,M,Y
Retry-Interval,541,5.3.39,Unsigned32,V,P,,M,Y
Rx-Request-Type,533,5.3.31,Enumerated,V,P,,M,Y
RR-Bandwidth,521,5.3.20,Unsigned32,"M,V",P,,,Y
RS-Bandwidth,522,5.3.21,Unsigned32,"M,V",P,,,Y
Service-Authorization-Info,548,5.3.46,Unsigned32,V,P,,M,Y
Service-URN,525,5.3.23,OctetString,"M,V",P,,,Y
Service-Info-Status,527,5.3.25,Enumerated,"M,V",P,,,Y
Sharing-Key-DL,539,5.3.37,Unsigned32,V,P,,M,Y
Sharing-Key-UL,540,5.3.38,Unsigned32,V,P,,M,Y
Specific-Action,513,5.3.13,Enumerated,"M,V",P,,,Y
SIP-Forking-Indication,523,5.3.22,Enumerated,"M,V",P,,,Y
Sponsor-Identity,531,5.3.28,UTF8String,V,P,,M,Y
Sponsored-Connectivity-Data,530,5.3.27,Grouped,V,P,,M,Y
Sponsoring-Action,542,5.3.40,Enumerated,V,P,,M,Y
,,,,,,,,
@standard,3GPP TS 29.229,,,,,,,
#=,,,,,,,,
# 3GPP TS 29.229 V15.2.0 (2019-09),,,,,,,,
# From 3GPP 29229-f20.doc,,,,,,,,
#=,,,,,,,,
#,,,,,,,,
#=,,,,,,,,
# 3GPP TS 29.229 Table 6.3.1: Diameter Multimedia Application AVPs,,,,,,,,
# ,,,,,,,,
# Note: AVPs referenced from other sources are not added here.,,,,,,,,
#=,,,,,,,,
#,,,,,,,,
Visited-Network-Identifier,600,6.3.1,OctetString,"M, V",,,,No
Public-Identity,601,6.3.2,UTF8String,"M, V",,,,No
Server-Name,602,6.3.3,UTF8String,"M, V",,,,No
Server-Capabilities,603,6.3.4,Grouped,"M, V",,,,No
Mandatory-Capability,604,6.3.5,Unsigned32,"M, V",,,,No
Optional-Capability,605,6.3.6,Unsigned32,"M, V",,,,No
User-Data,606,6.3.7,OctetString,"M, V",,,,No
SIP-Number-Auth-Items,607,6.3.8,Unsigned32,"M, V",,,,No
SIP-Authentication-Scheme,608,6.3.9,UTF8String,"M, V",,,,No
SIP-Authenticate,609,6.3.10,OctetString,"M, V",,,,No
SIP-Authorization,610,6.3.11,OctetString,"M, V",,,,No
SIP-Authentication-Context,611,6.3.12,OctetString,"M, V",,,,No
SIP-Auth-Data-Item,612,6.3.13,Grouped,"M, V",,,,No
SIP-Item-Number,613,6.3.14,Unsigned32,"M, V",,,,No
Server-Assignment-Type,614,6.3.15,Enumerated,"M, V",,,,No
Deregistration-Reason,615,6.3.16,Grouped,"M, V",,,,No
Reason-Code,616,6.3.17,Enumerated,"M, V",,,,No
Reason-Info,617,6.3.18,UTF8String,"M, V",,,,No
Charging-Information,618,6.3.19,Grouped,"M, V",,,,No
Primary-Event-Charging-Function-Name,619,6.3.20,DiameterURI,"M, V",,,,No
Secondary-Event-Charging-Function-Name,620,6.3.21,DiameterURI,"M, V",,,,No
Primary-Charging-Collection-Function-Name,621,6.3.22,DiameterURI,"M, V",,,,No
Secondary-Charging-Collection-Function-Name,622,6.3.23,DiameterURI,"M, V",,,,No
User-Authorization-Type,623,6.3.24,Enumerated,"M, V",,,,No
User-Data-Already-Available,624,6.3.26,Enumerated,"M, V",,,,No
Confidentiality-Key,625,6.3.27,OctetString,"M, V",,,,No
Integrity-Key,626,6.3.28,OctetString,"M, V",,,,No
# Note: 3GPP TS 29.229 V6.5.0 (2005-06) removed User-Data-Request-Type (627).,,,,,,,,
User-Data-Request-Type,627,6.3.25,Enumerated,"M, V",,,,No
Supported-Features,628,6.3.29,Grouped,V,M,,,No
Feature-List-ID,629,6.3.30,Unsigned32,V,,,M,No
Feature-List,630,6.3.31,Unsigned32,V,,,M,No
Supported-Applications,631,6.3.32,Grouped,V,,,M,No
Associated-Identities,632,6.3.33,Grouped,V,,,M,No
Originating-Request,633,6.3.34,Enumerated,"M,V",,,,No
Wildcarded-Public-Identity,634,6.3.35,UTF8String,V,,,M,No
SIP-Digest-Authenticate,635,6.3.36,Grouped,V,,,M,No
Wildcarded-IMPU,636,6.3.43,UTF8String,V,,,M,N
UAR-Flags,637,6.3.44,Unsigned32,V,,,M,No
Loose-Route-Indication,638,6.3.45,Enumerated,V,,,M,No
SCSCF-Restoration-Info,639,6.3.46,Grouped,V,,,M,No
Path,640,6.3.47,OctetString,V,,,M,No
Contact,641,6.3.48,OctetString,V,,,M,No
Subscription-Info,642,6.3.49,Grouped,V,,,M,No
Call-ID-SIP-Header,643,6.3.49.1,OctetString,V,,,M,No
From-SIP-Header,644,6.3.49.2,OctetString,V,,,M,No
To-SIP-Header,645,6.3.49.3,OctetString,V,,,M,No
Record-Route,646,6.3.49.4,OctetString,V,,,M,No
Associated-Registered-Identities,647,6.3.50,Grouped,V,,,M,No
Multiple-Registration-Indication,648,6.3.51,Enumerated,V,,,M,No
Restoration-Info,649,6.3.52,Grouped,V,,,M,No
Session-Priority,650,6.3.56,Enumerated,V,,,M,No
Identity-with-Emergency-Registration,651,6.3.57,Grouped,V,,,M,No
Priviledged-Sender-Indication,652,6.3.58,Enumerated,V,,,M,No
LIA-Flags,653,6.3.59,Unsigned32,V,,,M,No
Initial-CSeq-Sequence-Number,654,6.3.62,Unsigned32,V,,,M,No
SAR-Flags,655,6.3.63,Unsigned32,V,,,M,No
Allowed-WAF-WWSF-Identities,656,6.3.64,Grouped,V,,,M,No
WebRTC-Authentication-Function-Name,657,6.3.65,UTF8String,V,,,M,No
WebRTC-Web-Server-Function-Name,658,6.3.66,UTF8String,V,,,M,No
RTR-Flags,659,6.3.69,Unsigned32,V,,,M,No
,,,,,,,,
@standard,3GPP TS 29.272,,,,,,,
#=,,,,,,,,
# 3GPP TS 29.272 V15.10.0 (2019-12),,,,,,,,
# From 3GPP 29272-fa0.docx,,,,,,,,
#=,,,,,,,,
#,,,,,,,,
#=,,,,,,,,
"# 3GPP TS 29.272 Table 7.3.1/1: S6a/S6d, S7a/S7d and S13/S13' specific DiameterAVPs",,,,,,,,
#=,,,,,,,,
#,,,,,,,,
Subscription-Data,1400,7.3.2,Grouped,"M,V",,,,N
Terminal-Information,1401,7.3.3,Grouped,"M,V",,,,N
IMEI,1402,7.3.4,UTF8String,"M,V",,,,N
Software-Version,1403,7.3.5,UTF8String,"M,V",,,,N
QoS-Subscribed,1404,7.3.77,OctetString,"M,V",,,,N
ULR-Flags,1405,7.3.7,Unsigned32,"M,V",,,,N
ULA-Flags,1406,7.3.8,Unsigned32,"M,V",,,,N
Visited-PLMN-Id,1407,7.3.9,OctetString,"M,V",,,,N
Requested-EUTRAN-Authentication-Info,1408,7.3.11,Grouped,"M,V",,,,N
Requested-UTRAN-GERAN-Authentication-Info,1409,7.3.12,Grouped,"M,V",,,,N
Number-Of-Requested-Vectors,1410,7.3.14,Unsigned32,"M,V",,,,N
Re-Synchronization-Info,1411,7.3.15,OctetString,"M,V",,,,N
Immediate-Response-Preferred,1412,7.3.16,Unsigned32,"M,V",,,,N
Authentication-Info,1413,7.3.17,Grouped,"M,V",,,,N
E-UTRAN-Vector,1414,7.3.18,Grouped,"M,V",,,,N
UTRAN-Vector,1415,7.3.19,Grouped,"M,V",,,,N
GERAN-Vector,1416,7.3.20,Grouped,"M,V",,,,N
Network-Access-Mode,1417,7.3.21,Enumerated,"M,V",,,,N
HPLMN-ODB,1418,7.3.22,Unsigned32,"M,V",,,,N
Item-Number,1419,7.3.23,Unsigned32,"M,V",,,,N
Cancellation-Type,1420,7.3.24,Enumerated,"M,V",,,,N
DSR-Flags,1421,7.3.25,Unsigned32,"M,V",,,,N
DSA-Flags,1422,7.3.26,Unsigned32,"M,V",,,,N
Context-Identifier,1423,7.3.27,Unsigned32,"M,V",,,,N
Subscriber-Status,1424,7.3.29,Enumerated,"M,V",,,,N
Operator-Determined-Barring,1425,7.3.30,Unsigned32,"M,V",,,,N
Access-Restriction-Data,1426,7.3.31,Unsigned32,"M,V",,,,N
APN-OI-Replacement,1427,7.3.32,UTF8String,"M,V",,,,N
All-APN-Configurations-Included-Indicator,1428,7.3.33,Enumerated,"M,V",,,,N
APN-Configuration-Profile,1429,7.3.34,Grouped,"M,V",,,,N
APN-Configuration,1430,7.3.35,Grouped,"M,V",,,,N
EPS-Subscribed-QoS-Profile,1431,7.3.37,Grouped,"M,V",,,,N
VPLMN-Dynamic-Address-Allowed,1432,7.3.38,Enumerated,"M,V",,,,N
STN-SR,1433,7.3.39,OctetString,"M,V",,,,N
Alert-Reason,1434,7.3.83,Enumerated,"M,V",,,,N
AMBR,1435,7.3.41,Grouped,"M,V",,,,N
CSG-Subscription-Data,1436,7.3.78,Grouped,"M,V",,,,N
CSG-Id,1437,7.3.79,Unsigned32,"M,V",,,,N
PDN-GW-Allocation-Type,1438,7.3.44,Enumerated,"M,V",,,,N
Expiration-Date,1439,7.3.80,Time,"M,V",,,,N
RAT-Frequency-Selection-Priority-ID,1440,7.3.46,Unsigned32,"M,V",,,,N
IDA-Flags,1441,7.3.47,Unsigned32,"M,V",,,,N
PUA-Flags,1442,7.3.48,Unsigned32,"M,V",,,,N
NOR-Flags,1443,7.3.49,Unsigned32,"M,V",,,,N
User-Id,1444,7.3.50,UTF8String,V,,,M,N
Equipment-Status,1445,7.3.51,Enumerated,"M,V",,,,N
Regional-Subscription-Zone-Code,1446,7.3.52,OctetString,"M,V",,,,N
RAND,1447,7.3.53,OctetString,"M,V",,,,N
XRES,1448,7.3.54,OctetString,"M,V",,,,N
AUTN,1449,7.3.55,OctetString,"M,V",,,,N
KASME,1450,7.3.56,OctetString,"M,V",,,,N
Trace-Collection-Entity,1452,7.3.98,Address,"M,V",,,,N
Kc,1453,7.3.59,OctetString,"M,V",,,,N
SRES,1454,7.3.60,OctetString,"M,V",,,,N
PDN-Type,1456,7.3.62,Enumerated,"M,V",,,,N
Roaming-Restricted-Due-To-Unsupported-Feature,1457,7.3.81,Enumerated,"M,V",,,,N
Trace-Data,1458,7.3.63,Grouped,"M,V",,,,N
Trace-Reference,1459,7.3.64,OctetString,"M,V",,,,N
Trace-Depth,1462,7.3.67,Enumerated,"M,V",,,,N
Trace-NE-Type-List,1463,7.3.68,OctetString,"M,V",,,,N
Trace-Interface-List,1464,7.3.69,OctetString,"M,V",,,,N
Trace-Event-List,1465,7.3.70,OctetString,"M,V",,,,N
OMC-Id,1466,7.3.71,OctetString,"M,V",,,,N
GPRS-Subscription-Data,1467,7.3.72,Grouped,"M,V",,,,N
Complete-Data-List-Included-Indicator,1468,7.3.73,Enumerated,"M,V",,,,N
PDP-Context,1469,7.3.74,Grouped,"M,V",,,,N
PDP-Type,1470,7.3.75,OctetString,"M,V",,,,N
3GPP2-MEID,1471,7.3.6,OctetString,"M,V",,,,N
Specific-APN-Info,1472,7.3.82,Grouped,"M,V",,,,N
LCS-Info,1473,7.3.84,Grouped,"M,V",,,,N
GMLC-Number,1474,7.3.85,OctetString,"M,V",,,,N
LCS-PrivacyException,1475,7.3.86,Grouped,"M,V",,,,N
SS-Code,1476,7.3.87,OctetString,"M,V",,,,N
# Note: 3GPP TS 29.272 V12.5.0 (2014-06) table 7.3.1/1,,,,,,,,
# changed row SS-Status (1477) to be OctetString instead of Grouped.,,,,,,,,
# Clause 7.3.88 already described SS-Status (1147) as OctetString.,,,,,,,,
SS-Status,1477,7.3.88,OctetString,"M,V",,,,N
Notification-To-UE-User,1478,7.3.89,Enumerated,"M,V",,,,N
External-Client,1479,7.3.90,Grouped,"M,V",,,,N
Client-Identity,1480,7.3.91,OctetString,"M,V",,,,N
GMLC-Restriction,1481,7.3.92,Enumerated,"M,V",,,,N
PLMN-Client,1482,7.3.93,Enumerated,"M,V",,,,N
Service-Type,1483,7.3.94,Grouped,"M,V",,,,N
ServiceTypeIdentity,1484,7.3.95,Unsigned32,"M,V",,,,N
MO-LR,1485,7.3.96,Grouped,"M,V",,,,N
Teleservice-List,1486,7.3.99,Grouped,"M,V",,,,N
TS-Code,1487,7.3.100,OctetString,"M,V",,,,N
# Note: 3GPP TS 29.272 V12.4.0 (2014-03) renamed,,,,,,,,
# Call-Barring-Infor-List (1488) to Call-Barring-Info (1488).,,,,,,,,
Call-Barring-Info,1488,7.3.101,Grouped,"M,V",,,,N
SGSN-Number,1489,7.3.102,OctetString,"M,V",,,,N
IDR-Flags,1490,7.3.103,Unsigned32,"M,V",,,,N
ICS-Indicator,1491,7.3.104,Enumerated,V,,,M,N
IMS-Voice-Over-PS-Sessions-Supported,1492,7.3.106,Enumerated,V,,,M,N
Homogeneous-Support-of-IMS-Voice-Over-PS-Sessions,1493,7.3.107,Enumerated,V,,,M,N
Last-UE-Activity-Time,1494,7.3.108,Time,V,,,M,N
EPS-User-State,1495,7.3.110,Grouped,V,,,M,N
EPS-Location-Information,1496,7.3.111,Grouped,V,,,M,N
MME-User-State,1497,7.3.112,Grouped,V,,,M,N
SGSN-User-State,1498,7.3.113,Grouped,V,,,M,N
User-State,1499,7.3.114,Enumerated,V,,,M,N
# Note: 3GPP TS 29.272 table 7.3.1/1 row MME-Location-Information (1600),,,,,,,,
# incorrectly has a space instead of hyphen in the name.,,,,,,,,
# Generated name renamed from MME-LocationInformation (1600).,,,,,,,,
MME-Location-Information,1600,7.3.115,Grouped,V,,,M,N
SGSN-Location-Information,1601,7.3.116,Grouped,V,,,M,N
E-UTRAN-Cell-Global-Identity,1602,7.3.117,OctetString,V,,,M,N
Tracking-Area-Identity,1603,7.3.118,OctetString,V,,,M,N
Cell-Global-Identity,1604,7.3.119,OctetString,V,,,M,N
Routing-Area-Identity,1605,7.3.120,OctetString,V,,,M,N
Location-Area-Identity,1606,7.3.121,OctetString,V,,,M,N
Service-Area-Identity,1607,7.3.122,OctetString,V,,,M,N
Geographical-Information,1608,7.3.123,OctetString,V,,,M,N
Geodetic-Information,1609,7.3.124,OctetString,V,,,M,N
Current-Location-Retrieved,1610,7.3.125,Enumerated,V,,,M,N
Age-Of-Location-Information,1611,7.3.126,Unsigned32,V,,,M,N
Active-APN,1612,7.3.127,Grouped,V,,,M,N
Error-Diagnostic,1614,7.3.128,Enumerated,V,,,M,N
Ext-PDP-Address,1621,7.3.129,Address,V,,,M,N
UE-SRVCC-Capability,1615,7.3.130,Enumerated,V,,,M,N
MPS-Priority,1616,7.3.131,Unsigned32,V,,,M,N
VPLMN-LIPA-Allowed,1617,7.3.132,Enumerated,V,,,M,N
LIPA-Permission,1618,7.3.133,Enumerated,V,,,M,N
Subscribed-Periodic-RAU-TAU-Timer,1619,7.3.134,Unsigned32,V,,,M,N
Ext-PDP-Type,1620,7.3.75A,OctetString,V,,,M,N
SIPTO-Permission,1613,7.3.135,Enumerated,V,,,M,N
MDT-Configuration,1622,7.3.136,Grouped,V,,,M,N
Job-Type,1623,7.3.137,Enumerated,V,,,M,N
Area-Scope,1624,7.3.138,Grouped,V,,,M,N
List-Of-Measurements,1625,7.3.139,Unsigned32,V,,,M,N
Reporting-Trigger,1626,7.3.140,Unsigned32,V,,,M,N
Report-Interval,1627,7.3.141,Enumerated,V,,,M,N
Report-Amount,1628,7.3.142,Enumerated,V,,,M,N
Event-Threshold-RSRP,1629,7.3.143,Unsigned32,V,,,M,N
Event-Threshold-RSRQ,1630,7.3.144,Unsigned32,V,,,M,N
Logging-Interval,1631,7.3.145,Enumerated,V,,,M,N
Logging-Duration,1632,7.3.146,Enumerated,V,,,M,N
Relay-Node-Indicator,1633,7.3.147,Enumerated,V,,,M,N
MDT-User-Consent,1634,7.3.148,Enumerated,V,,,M,N
PUR-Flags,1635,7.3.149,Unsigned32,V,,,M,N
Subscribed-VSRVCC,1636,7.3.150,Enumerated,V,,,M,N
Equivalent-PLMN-List,1637,7.3.151,Grouped,V,,,M,N
CLR-Flags,1638,7.3.152,Unsigned32,V,,,M,N
UVR-Flags,1639,7.3.153,Unsigned32,"M,V",,,,N
UVA-Flags,1640,7.3.154,Unsigned32,"M,V",,,,N
VPLMN-CSG-Subscription-Data,1641,7.3.155,Grouped,"M,V",,,,N
Time-Zone,1642,7.3.163,UTF8String,V,,,M,N
A-MSISDN,1643,7.3.157,OctetString,V,,,M,N
MME-Number-for-MT-SMS,1645,7.3.159,OctetString,V,,,M,N
SMS-Register-Request,1648,7.3.162,Enumerated,V,,,M,N
Local-Time-Zone,1649,7.3.156,Grouped,V,,,M,N
Daylight-Saving-Time,1650,7.3.164,Enumerated,V,,,M,N
Subscription-Data-Flags,1654,7.3.165,Unsigned32,V,,,M,N
# Note: 3GPP TS 29.272 V12.9.0 (2015-12) changed AVP code of,,,,,,,,
# Measurement-Period-LTE (1655) from 1656.,,,,,,,,
Measurement-Period-LTE,1655,7.3.166,Enumerated,V,,,M,N
# Note: 3GPP TS 29.272 V12.9.0 (2015-12) changed AVP code of,,,,,,,,
# Measurement-Period-UMTS (1656) from 1655.,,,,,,,,
Measurement-Period-UMTS,1656,7.3.167,Enumerated,V,,,M,N
Collection-Period-RRM-LTE,1657,7.3.168,Enumerated,V,,,M,N
Collection-Period-RRM-UMTS,1658,7.3.169,Enumerated,V,,,M,N
Positioning-Method,1659,7.3.170,OctetString,V,,,M,N
Measurement-Quantity,1660,7.3.171,OctetString,V,,,M,N
Event-Threshold-Event-1F,1661,7.3.172,Integer32,V,,,M,N
Event-Threshold-Event-1I,1662,7.3.173,Integer32,V,,,M,N
Restoration-Priority,1663,7.3.174,Unsigned32,V,,,M,N
SGs-MME-Identity,1664,7.3.175,UTF8String,V,,,M,N
SIPTO-Local-Network-Permission,1665,7.3.176,Unsigned32,V,,,M,N
Coupled-Node-Diameter-ID,1666,7.3.177,DiameterIdentity,V,,,M,N
WLAN-offloadability,1667,7.3.181,Grouped,V,,,M,N
WLAN-offloadability-EUTRAN,1668,7.3.182,Unsigned32,V,,,M,N
WLAN-offloadability-UTRAN,1669,7.3.183,Unsigned32,V,,,M,N
Reset-ID,1670,7.3.184,OctetString,V,,,M,N
MDT-Allowed-PLMN-Id,1671,7.3.185,OctetString,V,,,M,N
Adjacent-PLMNs,1672,7.3.186,Grouped,V,,,M,N
Adjacent-Access-Restriction-Data,1673,7.3.187,Grouped,V,,,M,N
DL-Buffering-Suggested-Packet-Count,1674,7.3.188,Integer32,V,,,M,N
IMSI-Group-Id,1675,7.3.189,Grouped,V,,,M,N
Group-Service-Id,1676,7.3.190,Unsigned32,V,,,M,N
Group-PLMN-Id,1677,7.3.191,OctetString,V,,,M,N
Local-Group-Id,1678,7.3.192,OctetString,V,,,M,N
AIR-Flags,1679,7.3.201,Unsigned32,V,,,M,N
UE-Usage-Type,1680,7.3.202,Unsigned32,V,,,M,N
Non-IP-PDN-Type-Indicator,1681,7.3.204,Enumerated,V,,,M,N
Non-IP-Data-Delivery-Mechanism,1682,7.3.205,Unsigned32,V,,,M,N
Additional-Context-ID,1683,7.3.206,Unsigned32,V,,,M,N
SCEF-Realm,1684,7.3.207,DiameterIdentity,V,,,M,N
Subscription-Data-Deletion,1685,7.3.208,Grouped,V,,,M,N
# Note: 3GPP TS 29.272 table 7.3.1/1 row Preferred-Data-Mode (1686),,,,,,,,
"# incorrectly has value type Grouped instead of Unsigned32,",,,,,,,,
# conflicting with clause 7.3.209.,,,,,,,,
Preferred-Data-Mode,1686,7.3.209,Unsigned32,V,,,M,N
Emergency-Info,1687,7.3.210,Grouped,V,,,M,N
V2X-Subscription-Data,1688,7.3.212,Grouped,V,,,M,N
V2X-Permission,1689,7.3.213,Unsigned32,V,,,M,N
PDN-Connection-Continuity,1690,7.3.214,Unsigned32,V,,,M,N
eDRX-Cycle-Length,1691,7.3.215,Grouped,V,,,M,N
eDRX-Cycle-Length-Value,1692,7.3.216,OctetString,V,,,M,N
UE-PC5-AMBR,1693,7.3.217,Unsigned32,V,,,M,N
MBSFN-Area,1694,7.3.219,Grouped,V,,,M,N
MBSFN-Area-ID,1695,7.3.220,Unsigned32,V,,,M,N
Carrier-Frequency,1696,7.3.221,Unsigned32,V,,,M,N
RDS-Indicator,1697,7.3.222,Enumerated,V,,,M,N
Service-Gap-Time,1698,7.3.223,Unsigned32,V,,,M,N
Aerial-UE-Subscription-Information,1699,7.3.224,Unsigned32,V,,,M,N
Broadcast-Location-Assistance-Data-Types,1700,7.3.225,Unsigned64,V,,,M,N
Paging-Time-Window,1701,7.3.226,Grouped,V,,,M,N
Operation-Mode,1702,7.3.227,Unsigned32,V,,,M,N
Paging-Time-Window-Length,1703,7.3.228,OctetString,V,,,M,N
Core-Network-Restrictions,1704,7.3.230,Unsigned32,V,,,M,N
eDRX-Related-RAT,1705,7.3.229,Grouped,V,,,M,N
Interworking-5GS-Indicator,1706,7.3.231,Enumerated,V,,,M,N
,,,,,,,,
@standard,3GPP TS 29.273,,,,,,
#=,,,,,,,
# 3GPP TS 29.273 V15.4.0 (2019-09),,,,,,,
# From 3GPP 29273-f40.docx,,,,,,,,
#=,,,,,,,
#,,,,,,,
#=,,,,,,,
# 3GPP TS 29.273 Table 5.2.3.1/1: Diameter STa AVPs,,,,,,,
# ,,,,,,,
# Note: AVPs referenced from other sources are not added here.,,,,,,,
#=,,,,,,,
#,,,,,,,
ANID,1504,5.2.3.7,UTF8String,"M,V",,,P
AN-Trusted,1503,5.2.3.9,Enumerated,"M,V",,,P
MIP-FA-RK,1506,5.2.3.12,OctetString,"M,V",,,P
MIP-FA-RK-SPI,1507,5.2.3.13,Unsigned32,"M,V",,,P
Full-Network-Name,1516,5.2.3.14,OctetString,V,,,"M,P"
Short-Network-Name,1517,5.2.3.15,OctetString,V,,,"M,P"
WLAN-Identifier,1509,5.2.3.18,Grouped,V,,,"M,P"
AAA-Failure-Indication,1518,8.2.3.21,Unsigned32,V,,,"M,P"
Transport-Access-Type,1519,5.2.3.19,Enumerated,V,,,"M,P"
DER-Flags,1520,5.2.3.20,Unsigned32,V,,,"M,P"
DEA-Flags,1521,5.2.3.21,Unsigned32,V,,,"M,P"
SSID,1524,5.2.3.22,UTF8String,V,,,"M,P"
HESSID,1525,5.2.3.23,UTF8String,V,,,"M,P"
Access-Network-Info,1526,5.2.3.24,Grouped,V,,,"M,P"
TWAN-Connection-Mode,1527,5.2.3.25,Unsigned32,V,,,"M,P"
TWAN-Connectivity-Parameters,1528,5.2.3.26,Grouped,V,,,"M,P"
Connectivity-Flags,1529,5.2.3.27,Unsigned32,V,,,"M,P"
TWAN-PCO,1530,5.2.3.28,OctetString,V,,,"M,P"
TWAG-CP-Address,1531,5.2.3.29,Address,V,,,"M,P"
TWAG-UP-Address,1532,5.2.3.30,UTF8String,V,,,"M,P"
TWAN-S2a-Failure-Cause,1533,5.2.3.31,Unsigned32,V,,,"M,P"
SM-Back-Off-Timer,1534,5.2.3.32,Unsigned32,V,,,"M,P"
WLCP-Key,1535,5.2.3.33,OctetString,V,,,"M,P"
Emergency-Services,1538,7.2.3.4,Unsigned32,V,,,"M,P"
IMEI-Check-In-VPLMN-Result,1540,5.2.3.35,Unsigned32,V,,,"M,P"
#,,,,,,,
#=,,,,,,,
# 3GPP TS 29.273 Table 6.2.3.1/1: Diameter SWd AVPs,,,,,,,
# ,,,,,,,
# Note: No AVPs are first defined in this table.,,,,,,,
#=,,,,,,,
#,,,,,,,
#=,,,,,,,
# 3GPP TS 29.273 Table 7.2.3.1/1: Diameter SWm AVPs,,,,,,,
# ,,,,,,,
# Note: AVPs referenced from other sources are not added here.,,,,,,,
#=,,,,,,,
#,,,,,,,
Trace-Info,1505,8.2.3.1.3,Grouped,V,,,"M,P"
AAR-Flags,1539,7.2.3.5,Unsigned32,V,,,"M,P"
#,,,,,,,
#=,,,,,,,
# 3GPP TS 29.273 Table 8.2.3.0/1: Diameter SWx AVPs,,,,,,,
# ,,,,,,,
# Note: AVPs referenced from other sources are not added here.,,,,,,,
#=,,,,,,,
#,,,,,,,
Non-3GPP-User-Data,1500,8.2.3.1,Grouped,"M,V",,,P
Non-3GPP-IP-Access,1501,8.2.3.3,Enumerated,"M,V",,,P
Non-3GPP-IP-Access-APN,1502,8.2.3.4,Enumerated,"M,V",,,P
PPR-Flags,1508,8.2.3.17,Unsigned32,V,,,"M,P"
TWAN-Default-APN-Context-Id,1512,8.2.3.18,Unsigned32,V,,,"M,P"
TWAN-Access-Info,1510,8.2.3.19,Grouped,V,,,"M,P"
Access-Authorization-Flags,1511,8.2.3.20,Unsigned32,V,,,"M,P"
3GPP-AAA-Server-Name,318,8.2.3.24,DiameterIdentity,"M, V",,,P
ERP-Authorization,1541,8.2.3.27,Unsigned32,V,,,"M,P"
#,,,,,,,
#=,,,,,,,
# 3GPP TS 29.273 Table 9.2.3.1.1/1: Diameter S6b AVPs for DSMIPv6,,,,,,,
# ,,,,,,,
# Note: AVPs referenced from other sources are not added here.,,,,,,,
#=,,,,,,,
#,,,,,,,
RAR-Flags,1522,9.2.3.1.5,Unsigned32,V,,,"M,P"
# Note: Trust-Relationship-Update (1515) only present in,,,,,,,
# 3GPP TS 29.273 V11.3.0 (2012-09) before being deprecated.,,,,,,,
# Trust-Relationship-Update (1515) not provided.,,,,,,,
#,,,,,,,
DER-S6b-Flags,1523,9.2.3.7,Unsigned32,V,,,"M,P"
#,,,,,,,
#=,,,,,,,
# 3GPP TS 29.273 Table 9.2.3.2.1/1: Diameter S6b AVPs for PMIPv6 or GTPv2,,,,,,,
# ,,,,,,,
# Note: AVPs referenced from other sources are not added here.,,,,,,,
#=,,,,,,,
#,,,,,,,
Origination-Time-Stamp,1536,9.2.3.2.6,Unsigned64,V,,,"M,P"
Maximum-Wait-Time,1537,9.2.3.2.7,Unsigned32,V,,,"M,P"
#,,,,,,,
#=,,,,,,,
# 3GPP TS 29.273 Table 9.2.3.6.1/1: Diameter S6b AVPs for MIPv4 FACoA,,,,,,,
# ,,,,,,,
# Note: No AVPs are first defined in this table.,,,,,,,
#=,,,,,,,
#,,,,,,,
,,,,,,,,
@standard,3GPP TS 29.329,,,,,,,
#=,,,,,,,,
# 3GPP TS 29.329 V15.2.0 (2019-09),,,,,,,,
# From 3GPP 29329-f20.doc,,,,,,,,
#=,,,,,,,,
#,,,,,,,,
#=,,,,,,,,
# 3GPP TS 29.329 Table 6.3.1: Table 6.3.1: Diameter Multimedia Application AVPs,,,,,,,,
# ,,,,,,,,
# Note: AVPs referenced from other sources are not added here.,,,,,,,,
#=,,,,,,,,
#,,,,,,,,
User-Identity,700,6.3.1,Grouped,"M, V",,,,No
MSISDN,701,6.3.2,OctetString,"M, V",,,,No
# Note: Name conflict with 3GPP TS 29.229 User-Data (606).,,,,,,,,
# User-Data (702) renamed to User-Data-29.329 (702).,,,,,,,,
User-Data-29.329,702,6.3.3,OctetString,"M, V",,,,No
Data-Reference,703,6.3.4,Enumerated,"M, V",,,,No
Service-Indication,704,6.3.5,OctetString,"M, V",,,,No
Subs-Req-Type,705,6.3.6,Enumerated,"M, V",,,,No
Requested-Domain,706,6.3.7,Enumerated,"M, V",,,,No
Current-Location,707,6.3.8,Enumerated,"M, V",,,,No
Identity-Set,708,6.3.10,Enumerated,V,,,M,No
Expiry-Time,709,6.3.16,Time,V,,,M,No
Send-Data-Indication,710,6.3.17,Enumerated,V,,,M,No
DSAI-Tag,711,6.3.18,OctetString,"M, V",,,,No
One-Time-Notification,712,6.3.22,Enumerated,V,,,M,No
Requested-Nodes,713,6.3.7A,Unsigned32,V,,,M,No
Serving-Node-Indication,714,6.3.23,Enumerated,V,,,M,No
Repository-Data-ID,715,6.3.24,Grouped,V,,,M,No
Sequence-Number,716,6.3.25,Unsigned32,V,,,M,No
Pre-paging-Supported,717,6.3.26,Enumerated,V,,,M,No
Local-Time-Zone-Indication,718,6.3.27,Enumerated,V,,,M,No
UDR-Flags,719,6.3.28,Unsigned32,V,,,M,No
Call-Reference-Info,720,6.3.29,Grouped,V,,,M,No
Call-Reference-Number,721,6.3.30,OctetString,V,,,M,No
AS-Number,722,6.3.31,OctetString,V,,,M,No
,,,,,,,,
@standard,3GPP TS 29.336,,,,,,,
#=,,,,,,,,
# 3GPP TS 29.336 V15.7.0 (2019-09),,,,,,,,
# From 3GPP 29336-f70.docx,,,,,,,,
#=,,,,,,,,
#,,,,,,,,
#=,,,,,,,,
# 3GPP TS 29.336 Table 6.4.1/1: S6m/S6n specific Diameter AVPs,,,,,,,,
#=,,,,,,,,
#,,,,,,,,
IP-SM-GW-Number,3100,6.4.14,OctetString,"M,V",,,,No
IP-SM-GW-Name,3101,6.4.15,DiameterIdentity,"M,V",,,,No
User-Identifier,3102,6.4.2,Grouped,"M,V",,,,No
Service-ID,3103,6.4.3,Enumerated,"M,V",,,,No
SCS-Identity,3104,6.4.4,OctetString,"M,V",,,,No
Service-Parameters,3105,6.4.5,Grouped,"M,V",,,,No
T4-Parameters,3106,6.4.6,Grouped,"M,V",,,,No
Service-Data,3107,6.4.7,Grouped,"M,V",,,,No
T4-Data,3108,6.4.8,Grouped,"M,V",,,,No
HSS-Cause,3109,6.4.9,Unsigned32,"M,V",,,,No
SIR-Flags,3110,6.4.10,Unsigned32,"M,V",,,,No
External-Identifier,3111,6.4.11,UTF8String,"M,V",,,,No
IP-SM-GW-Realm,3112,6.4.18,DiameterIdentity,"M,V",,,,No
#=,,,,,,,,
# 3GPP TS 29.336 Table 8.4.1-1: S6t specific Diameter AVPs,,,,,,,,
#=,,,,,,,,
#,,,,,,,,
AESE-Communication-Pattern,3113,8.4.25,Grouped,"M,V",,,,No
Communication-Pattern-Set,3114,8.4.26,Grouped,"M,V",,,,No
Periodic-Communication-Indicator,3115,8.4.27,Unsigned32,"M,V",,,,No
Communication-Duration-Time,3116,8.4.28,Unsigned32,"M,V",,,,No
Periodic-time,3117,8.4.29,Unsigned32,"M,V",,,,No
Scheduled-Communication-Time,3118,8.4.30,Grouped,"M,V",,,,No
Stationary-Indication,3119,8.4.31,Unsigned32,"M,V",,,,No
AESE-Communication-Pattern-Config-Status,3120,8.4.32,Grouped,"M,V",,,,No
AESE-Error-Report,3121,8.4.33,Grouped,"M,V",,,,No
Monitoring-Event-Configuration,3122,8.4.2,Grouped,"M,V",,,,No
Monitoring-Event-Report,3123,8.4.3,Grouped,"M,V",,,,No
SCEF-Reference-ID,3124,8.4.4,Unsigned32,"M,V",,,,No
SCEF-ID,3125,8.4.5,DiameterIdentity,"M,V",,,,No
SCEF-Reference-ID-for-Deletion,3126,8.4.6,Unsigned32,"M,V",,,,No
Monitoring-Type,3127,8.4.7,Unsigned32,"M,V",,,,No
Maximum-Number-of-Reports,3128,8.4.8,Unsigned32,"M,V",,,,No
UE-Reachability-Configuration,3129,8.4.9,Grouped,"M,V",,,,No
Monitoring-Duration,3130,8.4.10,Time,"M,V",,,,No
Maximum-Detection-Time,3131,8.4.11,Unsigned32,"M,V",,,,No
Reachability-Type,3132,8.4.12,Unsigned32,"M,V",,,,No
Maximum-Latency,3133,8.4.13,Unsigned32,"M,V",,,,No
Maximum-Response-Time,3134,8.4.14,Unsigned32,"M,V",,,,No
Location-Information-Configuration,3135,8.4.15,Grouped,"M,V",,,,No
MONTE-Location-Type,3136,8.4.16,Unsigned32,"M,V",,,,No
Accuracy,3137,8.4.17,Unsigned32,"M,V",,,,No
Association-Type,3138,8.4.18,Unsigned32,"M,V",,,,No
Roaming-Information,3139,8.4.19,Unsigned32,"M,V",,,,No
Reachability-Information,3140,8.4.20,Unsigned32,"M,V",,,,No
IMEI-Change,3141,8.4.22,Unsigned32,"M,V",,,,No
Monitoring-Event-Config-Status,3142,8.4.24,Grouped,"M,V",,,,No
Supported-Services,3143,8.4.40,Grouped,"M,V",,,,No
Supported-Monitoring-Events,3144,8.4.41,Unsigned64,"M,V",,,,No
CIR-Flags,3145,8.4.39,Unsigned32,"M,V",,,,No
Service-Result,3146,8.4.37,Grouped,"M,V",,,,No
Service-Result-Code,3147,8.4.38,Unsigned32,"M,V",,,,No
Reference-ID-Validity-Time,3148,8.4.42,Time,"M,V",,,,No
Event-Handling,3149,8.4.43,Unsigned32,"M,V",,,,No
NIDD-Authorization-Request,3150,8.4.44,Grouped,"M,V",,,,No
NIDD-Authorization-Response,3151,8.4.45,Grouped,"M,V",,,,No
Service-Report,3152,8.4.47,Grouped,"M,V",,,,No
Node-Type,3153,8.4.48,Unsigned32,"M,V",,,,No
S6t-HSS-Cause,3154,8.4.50,Unsigned32,"M,V",,,,No
Enhanced-Coverage-Restriction,3155,8.4.51,Grouped,V,,,M,No
Enhanced-Coverage-Restriction-Data,3156,8.4.52,Grouped,V,,,M,No
Restricted-PLMN-List,3157,8.4.53,Grouped,V,,,M,No
Allowed-PLMN-List,3158,8.4.54,Grouped,V,,,M,No
Requested-Validity-Time,3159,8.4.55,Time,V,,,M,No
Granted-Validity-Time,3160,8.4.56,Time,V,,,M,No
NIDD-Authorization-Update,3161,8.4.57,Grouped,V,,,M,No
Loss-Of-Connectivity-Reason,3162,8.4.58,Unsigned32,V,,,M,No
Group-Reporting-Guard-Timer,3163,8.4.59,Unsigned32,V,,,M,No
CIA-Flags,3164,8.4.60,Unsigned32,V,,,M,No
Group-Monitoring-Event-Report,3165,8.4.61,Grouped,V,,,M,No
Group-Monitoring-Event-Report-Item,3166,8.4.62,Grouped,V,,,M,No
RIR-Flags,3167,8.4.63,Unsigned32,V,,,M,No
Type-Of-External-Identifier,3168,8.4.64,Unsigned32,V,,,M,No
APN-Validity-Time,3169,8.4.65,Grouped,V,,,M,No
Suggested-Network-Configuration,3170,8.4.66,Grouped,V,,,M,No
Monitoring-Event-Report-Status,3171,8.4.67,Grouped,V,,,M,No
PLMN-ID-Requested,3172,8.4.68,Enumerated,V,,,M,No
AdditionalIdentifiers,3173,8.4.69,Grouped,V,,,M,No
NIR-Flags,3174,8.4.70,Unsigned32,V,,,M,No
Reporting-Time-Stamp,3175,8.4.71,Time,V,,,M,No
NIA-Flags,3176,8.4.72,Unsigned32,V,,,M,No
Group-User-Identifier,3177,8.4.73,Grouped,V,,,M,No
MTC-Provider-Info,3178,8.4.74,Grouped,V,,,M,No
MTC-Provider-ID,3179,8.4.75,UTF8String,V,,,M,No
,,,,,,,,
@standard,3GPP TS 29.338,,,,,,,
#=,,,,,,,,
# 3GPP TS 29.338 V15.1.0 (2018-12),,,,,,,,
# From 3GPP 29338-f10.docx,,,,,,,,
#=,,,,,,,,
#,,,,,,,,
#=,,,,,,,,
# 3GPP TS 29.338 Table 5.3.3.1/1: S6c specific Diameter AVPs,,,,,,,,
#=,,,,,,,,
#,,,,,,,,
SM-RP-MTI,3308,5.3.3.2,Enumerated,"M, V",,,,No
SM-RP-SMEA,3309,5.3.3.3 ,OctetString,"M, V",,,,No
SRR-Flags,3310,5.3.3.4,Unsigned32,"M, V",,,,No
SM-Delivery-Not-Intended,3311,5.3.3.5,Enumerated,"M, V",,,,No
MWD-Status,3312,5.3.3.8,Unsigned32,"M, V",,,,No
MME-Absent-User-Diagnostic-SM,3313,5.3.3.9,Unsigned32,"M, V",,,,No
MSC-Absent-User-Diagnostic-SM,3314,5.3.3.10,Unsigned32,"M, V",,,,No
SGSN-Absent-User-Diagnostic-SM,3315,5.3.3.11,Unsigned32,"M, V",,,,No
SM-Delivery-Outcome,3316,5.3.3.14,Grouped,"M, V",,,,No
MME-SM-Delivery-Outcome,3317,5.3.3.15,Grouped,"M, V",,,,No
MSC-SM-Delivery-Outcome,3318,5.3.3.16,Grouped,"M, V",,,,No
SGSN-SM-Delivery-Outcome,3319,5.3.3.17,Grouped,"M, V",,,,No
IP-SM-GW-SM-Delivery-Outcome,3320,5.3.3.18,Grouped,"M, V",,,,No
SM-Delivery-Cause,3321,5.3.3.19,Enumerated,"M, V",,,,No
Absent-User-Diagnostic-SM,3322,5.3.3.20,Unsigned32,"M, V",,,,No
RDR-Flags,3323,5.3.3.21,Unsigned32,V,,,M,No
Maximum-UE-Availability-Time,3329,5.3.3.22,Time,V,,,M,No
SMS-GMSC-Alert-Event,3333,5.3.3.23,Unsigned32,V,,,M,No
#=,,,,,,,,
# 3GPP TS 29.338 Table 6.3.3.1/1: SGd/Gdd specific Diameter AVPs,,,,,,,,
#=,,,,,,,,
#,,,,,,,,
SC-Address,3300,6.3.3.2,OctetString,"M, V",,,,No
SM-RP-UI,3301,6.3.3.3,OctetString,"M, V",,,,No
TFR-Flags,3302,6.3.3.4,Unsigned32,"M, V",,,,No
SM-Delivery-Failure-Cause,3303,6.3.3.5,Grouped,"M, V",,,,No
SM-Enumerated-Delivery-Failure-Cause,3304,6.3.3.6,Enumerated,"M, V",,,,No
SM-Diagnostic-Info,3305,6.3.3.7,OctetString,"M, V",,,,No
SM-Delivery-Timer,3306,6.3.3.10,Unsigned32,"M, V",,,,No
SM-Delivery-Start-Time,3307,6.3.3.11,Time,"M, V",,,,No
SMSMI-Correlation-ID,3324,6.3.3.13,Grouped,V,,,M,No
HSS-ID,3325,6.3.3.14,OctetString,V,,,M,No
Originating-SIP-URI,3326,6.3.3.15,UTF8String,V,,,M,No
Destination-SIP-URI,3327,6.3.3.16,UTF8String,V,,,M,No
OFR-Flags,3328,6.3.3.12,Unsigned32,V,,,M,No
Maximum-Retransmission-Time,3330,6.3.3.17,Time,V,,,M,No
Requested-Retransmission-Time,3331,6.3.3.18,Time,V,,,M,No
SMS-GMSC-Address,3332,6.3.3.19,OctetString,V,,,M,No
,,,,,,,,
@standard,3GPP TS 29.344,,,,,,,
#=,,,,,,,,
# 3GPP TS 29.344 V15.1.0 (2019-09),,,,,,,,
# From 3GPP 29344-f10.doc,,,,,,,,
#=,,,,,,,,
#,,,,,,,,
#=,,,,,,,,
# 3GPP TS 29.344 Table 6.3.1-1: PC4a specific Diameter AVPs,,,,,,,,
#=,,,,,,,,
#,,,,,,,,
ProSe-Subscription-Data,3701,6.3.2,Grouped,"M,V",,,,No
ProSe-Permission,3702,6.3.3,Unsigned32,"M,V",,,,No
ProSe-Allowed-PLMN,3703,6.3.4,Grouped,"M,V",,,,No
ProSe-Direct-Allowed,3704,6.3.5,Unsigned32,"M,V",,,,No
UPR-Flags,3705,6.3.6,Unsigned32,"M,V",,,,No
PNR-Flags,3706,6.3.7,Unsigned32,"M,V",,,,No
ProSe-Initial-Location-Information,3707,6.3.9,Grouped,"M,V",,,,No
,,,,,,,,
@standard,3GPP TS 32.299,,,,,,,
#=,,,,,,,,
# 3GPP TS 32.299 V15.7.0 (2019-06),,,,,,,,
# From 3GPP 32299-f70.doc,,,,,,,,
#=,,,,,,,,
#,,,,,,,,
#=,,,,,,,,
# 3GPP TS 32.299 Table 7.2.0.1: 3GPP specific AVPs,,,,,,,,
#=,,,,,,,,
#,,,,,,,,
3GPP-OC-Specific-Reduction,1320,,Grouped,V,,,M
3GPP-OC-Rating-Group,1321,,Unsigned32,V,,,M
3GPP-OC-Request-Type,1322,,Enumerated,V,,,M
# Note: Name conflict with 3GPP TS 29.212 3GPP-PS-Data-Off-Status (2847).,,,,,,,,
# 3GPP-PS-Data-Off-Status (4406) renamed to 3GPP-PS-Data-Off-Status-32.299 (4406).,,,,,,,,
3GPP-PS-Data-Off-Status-32.299,4406,,Enumerated,"V,M",,,
Access-Network-Info-Change,4401,,Grouped,"V,M",,,
Access-Network-Information,1263,,OctetString,"V,M",,,
Access-Transfer-Information,2709,,Grouped,"V,M",,,
Access-Transfer-Type,2710,,Enumerated,"V,M",,,
Account-Expiration,2309,,Time,"V,M",,,
Accumulated-Cost,2052,,Grouped,"V,M",,,
Adaptations,1217,,Enumerated,"V,M",,,
Additional-Content-Information,1207,,Grouped,"V,M",,,
Additional-Exception-Reports,3936,,Enumerated,"V,M",,,
Additional-Type-Information,1205,,UTF8String,"V,M",,,
Address-Data,897,,UTF8String,"V,M",,,
Address-Domain,898,,Grouped,"V,M",,,
Addressee-Type,1208,,Enumerated,"V,M",,,
Address-Type,899,,Enumerated,"V,M",,,
AF-Correlation-Information,1276,,Grouped,"V,M",,,
Alternate-Charged-Party-Address,1280,,UTF8String,"V,M",,,
Announcement-Identifier,3905,,Unsigned32,"V,M",,,
Announcement-Information,3904,,Grouped,"V,M",,,
Announcement-Order,3906,,Unsigned32,"V,M",,,
Announcing-PLMN-ID,4408,,UTF8String,"V,M",,,
Announcing-UE-HPLMN-Identifier,3426,,UTF8String,"V,M",,,
Announcing-UE-VPLMN-Identifier,3427,,UTF8String,"V,M",,,
AoC-Cost-Information,2053,,Grouped,"V,M",,,
AoC-Format,2310,,Enumerated,"V,M",,,
AoC-Information,2054,,Grouped,"V,M",,,
AoC-Request-Type,2055,,Enumerated,"V,M",,,
AoC-Service,2311,,Grouped,"V,M",,,
AoC-Service-Obligatory-Type,2312,,Enumerated,"V,M",,,
AoC-Service-Type,2313,,Enumerated,"V,M",,,
AoC-Subscription-Information,2314,,Grouped,"V,M",,,
API-Content,1309,,UTF8String,V,,,M
API-Direction,1310,,Enumerated,V,,,M
API-Identifier,1311,,OctetString,V,,,M
API-Invocation-Timestamp,1312,,Time,V,,,M
API-Network-Service-Node,1315,,Enumerated,V,,,M
API-Result-Code,1313,,Unsigned32,V,,,M
API-Size,1314,,Unsigned64,V,,,M
APN-Rate-Control,3933,,Grouped,"V,M",,,
APN-Rate-Control-Downlink,3934,,Grouped,"V,M",,,
APN-Rate-Control-Uplink,3935,,Grouped,"V,M",,,
Applic-ID,1218,,UTF8String,"V,M",,,
Application-Provided-Called-Party-Address,837,,UTF8String,"V,M",,,
Application-Server,836,,UTF8String,"V,M",,,
Application-Server-Information,850,,Grouped,"V,M",,,
Application-Specific-Data,3458,,OctetString,"V,M",,,
Associated-Party-Address,2035,,UTF8String,"V,M",,,
Associated-URI,856,,UTF8String,"V,M",,,
Authorised-QoS,849,,UTF8String,"V,M",,,
Aux-Applic-Info,1219,,UTF8String,"V,M",,,
Base-Time-Interval,1265,,Unsigned32,"V,M",,,
Basic-Service-Code,3411,,Grouped,"V,M",,,
Bearer-Capability,3412,,OctetString,"V,M",,,
Bearer-Service,854,,OctetString,"V,M",,,
BSSID,2716,,UTF8String,"V,M",,,
Called-Asserted-Identity,1250,,UTF8String,"V,M",,,
Called-Identity,3916,,UTF8String,"V,M",,,
Called-Identity-Change,3917,,Grouped,"V,M",,,
Called-Party-Address,832,,UTF8String,"V,M",,,
Calling-Party-Address,831,,UTF8String,"V,M",,,
Carrier-Select-Routing-Information,2023,,UTF8String,"V,M",,,
Cause-Code,861,,Integer32,"V,M",,,
Cellular-Network-Information,3924,,OctetString,"V,M",,,
CG-Address,846,,Address,"V,M",,,
Change-Condition,2037,,Integer32,"V,M",,,
Change-Time,2038,,Time,"V,M",,,
Charge-Reason-Code,2118,,Enumerated,"V,M",,,
Charged-Party,857,,UTF8String,"V,M",,,
Charging-Characteristics-Selection-Mode,2066,,Enumerated,"V,M",,,
Charging-Per-IP-CAN-Session-Indicator,4400,,Enumerated,"V,M",,,
Civic-Address-Information,1305,,UTF8String,V,,,M
Class-Identifier,1214,,Enumerated,"V,M",,,
Client-Address,2018,,Address,"V,M",,,
CN-Operator-Selection-Entity,3421,,Enumerated,"V,M",,,
Content-Class,1220,,Enumerated,"V,M",,,
Content-Disposition,828,,UTF8String,"V,M",,,
Content-Length,827,,Unsigned32,"V,M",,,
Content-Size,1206,,Unsigned32,"V,M",,,
Content-Type,826,,UTF8String,"V,M",,,
Coverage-Info,3459,,Grouped,"V,M",,,
Coverage-Status,3428,,Enumerated,"V,M",,,
CP-CIoT-EPS-Optimisation-Indicator,3930,,Enumerated,"V,M",,,
CPDT-Information,3927,,Grouped,"V,M",,,
CSG-Access-Mode,2317,,Enumerated,"V,M",,,
CSG-Membership-Indication,2318,,Enumerated,"V,M",,,
CUG-Information,2304,,OctetString,"V,M",,,
Current-Tariff,2056,,Grouped,"V,M",,,
Data-Coding-Scheme,2001,,Integer32,"V,M",,,
Deferred-Location-Event-Type,1230,,UTF8String,"V,M",,,
Delivery-Report-Requested,1216,,Enumerated,"V,M",,,
Destination-Interface,2002,,Grouped,"V,M",,,
Diagnostics,2039,,Integer32,"V,M",,,
Discoveree-UE-HPLMN-Identifier,4402,,UTF8String,"V,M",,,
Discoveree-UE-VPLMN-Identifier,4403,,UTF8String,"V,M",,,
Discoverer-UE-HPLMN-Identifier,4404,,UTF8String,"V,M",,,
Discoverer-UE-VPLMN-Identifier,4405,,UTF8String,"V,M",,,
Domain-Name,1200,,UTF8String,"V,M",,,
DRM-Content,1221,,Enumerated,"V,M",,,
Dynamic-Address-Flag,2051,,Enumerated,"V,M",,,
Dynamic-Address-Flag-Extension,2068,,Enumerated,"V,M",,,
Early-Media-Description,1272,,Grouped,"V,M",,,
Enhanced-Diagnostics,3901,,Grouped,"V,M",,,
Envelope,1266,,Grouped,"V,M",,,
Envelope-End-Time,1267,,Time,"V,M",,,
Envelope-Reporting,1268,,Enumerated,"V,M",,,
Envelope-Start-Time,1269,,Time,"V,M",,,
EPDG-Address,3425,,Address,"V,M",,,
Event,825,,UTF8String,"V,M",,,
Event-Charging-TimeStamp,1258,,Time,"V,M",,,
Event-Type,823,,Grouped,"V,M",,,
Expires,888,,Unsigned32,"V,M",,,
Exposure-Function-API-Information,1316,,Grouped,V,,,M
FE-Identifier-List,4413,,UTF8String,"V,M",,,
File-Repair-Supported,1224,,Enumerated,"V,M",,,
Forwarding-Pending,3415,,Enumerated,"V,M",,,
From-Address,2708,,UTF8String,"V,M",,,
GGSN-Address,847,,Address,"V,M",,,
IMS-Application-Reference-Identifier,2601,,UTF8String,"V,M",,,
IMS-Charging-Identifier,841,,UTF8String,"V,M",,,
IMS-Communication-Service-Identifier,1281,,UTF8String,"V,M",,,
IMS-Emergency-Indicator,2322,,Enumerated,"V,M",,,
IMS-Information,876,,Grouped,"V,M",,,
IMS-Visited-Network-Identifier,2713,,UTF8String,"V,M",,,
IMSI-Unauthenticated-Flag,2308,,Enumerated,"V,M",,,
Incoming-Trunk-Group-Id,852,,UTF8String,"V,M",,,
Incremental-Cost,2062,,Grouped,"V,M",,,
Initial-IMS-Charging-Identifier,2321,,UTF8String,"V,M",,,
Instance-Id,3402,,UTF8String,"V,M",,,
Interface-Id,2003,,UTF8String,"V,M",,,
Interface-Port,2004,,UTF8String,"V,M",,,
Interface-Text,2005,,UTF8String,"V,M",,,
Interface-Type,2006,,Enumerated,"V,M",,,
Inter-Operator-Identifier,838,,Grouped,"V,M",,,
Inter-UE-Transfer,3902,,Enumerated,"V,M",,,
IP-Realm-Default-Indication,2603,,Enumerated,"V,M",,,
ISUP-Cause,3416,,Grouped,"V,M",,,
ISUP-Cause-Diagnostics,3422,,OctetString,"V,M",,,
ISUP-Cause-Location,3423,,Unsigned32,"V,M",,,
ISUP-Cause-Value,3424,,Unsigned32,"V,M",,,
ISUP-Location-Number,3414,,OctetString,"V,M",,,
Language,3914,,UTF8String,"V,M",,,
Layer-2-Group-ID,3429,,OctetString,"V,M",,,
LCS-APN,1231,,UTF8String,"V,M",,,
LCS-Client-Dialed-By-MS,1233,,UTF8String,"V,M",,,
LCS-Client-External-ID,1234,,UTF8String,"V,M",,,
LCS-Client-Id,1232,,Grouped,"V,M",,,
LCS-Client-Name,1235,,Grouped,"V,M",,,
LCS-Client-Type,1241,,Enumerated,"V,M",,,
LCS-Data-Coding-Scheme,1236,,UTF8String,"V,M",,,
LCS-Format-Indicator,1237,,Enumerated,"V,M",,,
LCS-Information,878,,Grouped,"V,M",,,
LCS-Name-String,1238,,UTF8String,"V,M",,,
# Note: 3GPP TS 32.299 V11.8.0 (2013-07) renamed,,,,,,,,
# LCS-Requestor-Id (1239) to LCS-Requestor-ID (1239).,,,,,,,,
LCS-Requestor-ID,1239,,Grouped,"V,M",,,
# Note: 3GPP TS 32.299 V11.8.0 (2013-07) renamed,,,,,,,,
# LCS-Requestor-Id-String (1240) to LCS-Requestor-ID-String (1240).,,,,,,,,
LCS-Requestor-ID-String,1240,,UTF8String,"V,M",,,
Local-GW-Inserted-Indication,2604,,Enumerated,"V,M",,,
Local-Sequence-Number,2063,,Unsigned32,"V,M",,,
Location-Estimate,1242,,OctetString,"V,M",,,
Location-Estimate-Type,1243,,Enumerated,"V,M",,,
Location-Info,3460,,Grouped,"V,M",,,
Location-Type,1244,,Grouped,"V,M",,,
Low-Balance-Indication,2020,,Enumerated,"V,M",,,
Low-Priority-Indicator,2602,,Enumerated,"V,M",,,
MBMS-Charged-Party,2323,,Enumerated,"V,M",,,
# Note: 3GPP TS 32.299 V11.8.0 (2013-07) table 7.2 changed,,,,,,,,
# row MBMS-GW-Address (2307) to have a hyphen instead of space.,,,,,,,,
# Generated name renamed from MBMSGW-Address (2307).,,,,,,,,
MBMS-GW-Address,2307,,Address,"V,M",,,
MBMS-Information,880,,Grouped,"V,M",,,
MBMS-User-Service-Type,1225,,Enumerated,"V,M",,,
Media-Initiator-Flag,882,,Enumerated,"V,M",,,
Media-Initiator-Party,1288,,UTF8String,"V,M",,,
Message-Body,889,,Grouped,"V,M",,,
Message-Class,1213,,Grouped,"V,M",,,
Message-ID,1210,,UTF8String,"V,M",,,
Message-Size,1212,,Unsigned32,"V,M",,,
Message-Type,1211,,Enumerated,"V,M",,,
MMBox-Storage-Requested,1248,,Enumerated,"V,M",,,
MM-Content-Type,1203,,Grouped,"V,M",,,
MMS-Information,877,,Grouped,"V,M",,,
MMTel-Information,2030,,Grouped,"V,M",,,
MMTel-SService-Type,2031,,Unsigned32,"V,M",,,
Monitored-PLMN-Identifier,3430,,UTF8String,"V,M",,,
Monitoring-Event-Configuration-Activity,3919,,Integer32,"V,M",,,
Monitoring-Event-Functionality,3922,,Integer32,"V,M",,,
Monitoring-Event-Information,3921,,Grouped,"V,M",,,
Monitoring-Event-Report-Data,3920,,Grouped,"V,M",,,
Monitoring-Event-Report-Number,3923,,Unsigned32,"V,M",,,
Monitoring-UE-HPLMN-Identifier,3431,,UTF8String,"V,M",,,
Monitoring-UE-Identifier,3432,,UTF8String,"V,M",,,
Monitoring-UE-VPLMN-Identifier,3433,,UTF8String,"V,M",,,
MSC-Address,3417,,OctetString,"V,M",,,
MTC-IWF-Address,3406,,Address,"V,M",,,
Neighbour-Node-Address,2705,,Address,"V,M",,,
Network-Call-Reference-Number,3418,,OctetString,"V,M",,,
Next-Tariff,2057,,Grouped,"V,M",,,
NIDD-Submission,3928,,Grouped,"V,M",,,
NNI-Information,2703,,Grouped,"V,M",,,
NNI-Type,2704,,Enumerated,"V,M",,,
Node-Functionality,862,,Enumerated,"V,M",,,
Node-Id,2064,,UTF8String,"V,M",,,
Number-Of-Diversions,2034,,Unsigned32,"V,M",,,
Number-Of-Messages-Sent,2019,,Unsigned32,"V,M",,,
Number-Of-Participants,885,,Unsigned32,"V,M",,,
Number-Of-Received-Talk-Bursts,1282,,Unsigned32,"V,M",,,
Number-Of-Talk-Bursts,1283,,Unsigned32,"V,M",,,
Number-Portability-Routing-Information,2024,,UTF8String,"V,M",,,
Offline-Charging,1278,,Grouped,"V,M",,,
Online-Charging-Flag,2303,,Enumerated,"V,M",,,
Originating-IOI,839,,UTF8String,"V,M",,,
Originator,864,,Enumerated,"V,M",,,
Originator-Address,886,,Grouped,"V,M",,,
Originator-Interface,2009,,Grouped,"V,M",,,
Originator-Received-Address,2027,,Grouped,"V,M",,,
Originator-SCCP-Address,2008,,Address,"V,M",,,
Outgoing-Session-Id,2320,,UTF8String,"V,M",,,
Outgoing-Trunk-Group-Id,853,,UTF8String,"V,M",,,
Participant-Access-Priority,1259,,Enumerated,"V,M",,,
Participant-Action-Type,2049,,Enumerated,"V,M",,,
Participant-Group,1260,,Grouped,"V,M",,,
Participants-Involved,887,,UTF8String,"V,M",,,
PC3-Control-Protocol-Cause,3434,,Integer32,"V,M",,,
PC3-EPC-Control-Protocol-Cause,3435,,Integer32,"V,M",,,
PC5-Radio-Technology,1300,,Enumerated,V,,,M
PDN-Connection-Charging-ID,2050,,Unsigned32,"V,M",,,
PDP-Address,1227,,Address,"V,M",,,
PDP-Address-Prefix-Length,2606,,Unsigned32,"V,M",,,
PDP-Context-Type,1247,,Enumerated,"V,M",,,
# Note: 3GPP TS 32.299 V12.6.0 (2014-09) removed PDG-Address (895).,,,,,,,,
PDG-Address,895,,Address,"M,V",P,,,N
# Note: 3GPP TS 32.299 V12.6.0 (2014-09) removed PDG-Charging-Id (896).,,,,,,,,
PDG-Charging-Id,896,,Unsigned32,"M,V",P,,,N
Play-Alternative,3913,,Enumerated,"V,M",,,
PoC-Change-Condition,1261,,Enumerated,"V,M",,,
PoC-Change-Time,1262,,Time,"V,M",,,
PoC-Controlling-Address,858,,UTF8String,"V,M",,,
PoC-Event-Type,2025,,Enumerated,"V,M",,,
PoC-Group-Name,859,,UTF8String,"V,M",,,
PoC-Information,879,,Grouped,"V,M",,,
PoC-Server-Role,883,,Enumerated,"V,M",,,
PoC-Session-Id,1229,,UTF8String,"V,M",,,
PoC-Session-Initiation-type,1277,,Enumerated,"V,M",,,
PoC-Session-Type,884,,Enumerated,"V,M",,,
PoC-User-Role,1252,,Grouped,"V,M",,,
PoC-User-Role-IDs,1253,,UTF8String,"V,M",,,
# Note: 3GPP TS 32.299 V13.1.0 (2015-06) renamed,,,,,,,,
# PoC-User-Role-info-Units (1254) to PoC-User-Role-Info-Units (1254).,,,,,,,,
PoC-User-Role-Info-Units,1254,,Enumerated,"V,M",,,
Positioning-Data,1245,,UTF8String,"V,M",,,
Preferred-AoC-Currency,2315,,Unsigned32,"V,M",,,
Priority,1209,,Enumerated,"V,M",,,
Privacy-Indicator,3915,,Enumerated,"V,M",,,
ProSe-3rd-Party-Application-ID,3440,,UTF8String,"V,M",,,
ProSe-Direct-Communication-Reception-Data-Container,3461,,Grouped,"V,M",,,
ProSe-Direct-Communication-Transmission-Data-Container,3441,,Grouped,"V,M",,,
ProSe-Direct-Discovery-Model,3442,,Enumerated,"V,M",,,
ProSe-Event-Type,3443,,Enumerated,"V,M",,,
ProSe-Function-IP-Address,3444,,Address,"V,M",,,
ProSe-Function-PLMN-Identifier,3457,,UTF8String,"V,M",,,
ProSe-Functionality,3445,,Enumerated,"V,M",,,
ProSe-Group-IP-Multicast-Address,3446,,Address,"V,M",,,
ProSe-Information,3447,,Grouped,"V,M",,,
ProSe-Range-Class,3448,,Enumerated,"V,M",,,
ProSe-Reason-For-Cancellation,3449,,Enumerated,"V,M",,,
ProSe-Request-Timestamp,3450,,Time,"V,M",,,
ProSe-Role-Of-UE,3451,,Enumerated,"V,M",,,
ProSe-Source-IP-Address,3452,,Address,"V,M",,,
ProSe-Target-Layer-2-ID,4410,,OctetString,"V,M",,,
ProSe-UE-ID,3453,,OctetString,"V,M",,,
ProSe-UE-to-Network-Relay-UE-ID,4409,,OctetString,"V,M",,,
Proximity-Alert-Indication,3454,,Enumerated,"V,M",,,
Proximity-Alert-Timestamp,3455,,Time,"V,M",,,
Proximity-Cancellation-Timestamp,3456,,Time,"V,M",,,
PS-Append-Free-Format-Data,867,,Enumerated,"V,M",,,
PS-Free-Format-Data,866,,OctetString,"V,M",,,
PS-Furnish-Charging-Information,865,,Grouped,"V,M",,,
PS-Information,874,,Grouped,"V,M",,,
Quota-Consumption-Time,881,,Unsigned32,"V,M",,,
Quota-Holding-Time,871,,Unsigned32,"V,M",,,
Quota-Indicator,3912,,Enumerated,"V,M",,,
Radio-Frequency,3462,,OctetString,"V,M",,,
Radio-Parameter-Set-Info,3463,,Grouped,"V,M",,,
Radio-Parameter-Set-Values,3464,,OctetString,"V,M",,,
Radio-Resources-Indicator,3465,,Integer32,"V,M",,,
RAN-End-Time,1301,,Time,V,,,M
RAN-Secondary-RAT-Usage-Report,1302,,Grouped,V,,,M
RAN-Start-Time,1303,,Time,V,,,M
Rate-Control-Max-Message-Size,3937,,Unsigned32,"V,M",,,
Rate-Control-Max-Rate,3938,,Unsigned32,"V,M",,,
Rate-Control-Time-Unit,3939,,Unsigned32,"V,M",,,
Rate-Element,2058,,Grouped,"V,M",,,
Read-Reply-Report-Requested,1222,,Enumerated,"V,M",,,
Real-Time-Tariff-Information,2305,,Grouped,"V,M",,,
Reason-Header,3401,,UTF8String,"V,M",,,
Received-Talk-Burst-Time,1284,,Unsigned32,"V,M",,,
Received-Talk-Burst-Volume,1285,,Unsigned32,"V,M",,,
Recipient-Address,1201,,Grouped,"V,M",,,
Recipient-Info,2026,,Grouped,"V,M",,,
Recipient-Received-Address,2028,,Grouped,"V,M",,,
Recipient-SCCP-Address,2010,,Address,"V,M",,,
Refund-Information,2022,,OctetString,"V,M",,,
Related-Change-Condition-Information,3925,,Grouped,"V,M",,,
Related-Trigger,3926,,Grouped,"V,M",,,
Related-IMS-Charging-Identifier,2711,,UTF8String,"V,M",,,
Related-IMS-Charging-Identifier-Node,2712,,Address,"V,M",,,
Relationship-Mode,2706,,Enumerated,"V,M",,,
Relay-IP-address,4411,,Address,"V,M",,,
Remaining-Balance,2021,,Grouped,"V,M",,,
Reply-Applic-ID,1223,,UTF8String,"V,M",,,
Reply-Path-Requested,2011,,Enumerated,"V,M",,,
Reporting-Reason,872,,Enumerated,"V,M",,,
Requested-Party-Address,1251,,UTF8String,"V,M",,,
Requested-PLMN-Identifier,3436,,UTF8String,"V,M",,,
Requestor-PLMN-Identifier,3437,,UTF8String,"V,M",,,
Role-Of-Node,829,,Enumerated,"V,M",,,
Role-Of-ProSe-Function,3438,,Enumerated,"V,M",,,
Route-Header-Received,3403,,UTF8String,"V,M",,,
Route-Header-Transmitted,3404,,UTF8String,"V,M",,,
Scale-Factor,2059,,Grouped,"V,M",,,
SCEF-Address,1317,,Address,V,,,M
SCS-Address,3941,,Address,"V,M",,,
SCS-AS-Address,3940,,Grouped,"V,M",,,
SCS-Realm,3942,,DiameterIdentity,"V,M",,,
SDP-Answer-Timestamp,1275,,Time,"V,M",,,
SDP-Media-Component,843,,Grouped,"V,M",,,
SDP-Media-Description,845,,UTF8String,"V,M",,,
SDP-Media-Name,844,,UTF8String,"V,M",,,
SDP-Offer-Timestamp,1274,,Time,"V,M",,,
SDP-Session-Description,842,,UTF8String,"V,M",,,
SDP-TimeStamps,1273,,Grouped,"V,M",,,
SDP-Type,2036,,Enumerated,"V,M",,,
Secondary-RAT-Type,1304,,OctetString,V,,,M
Serving-Node-Identity,3929,,DiameterIdentity,"V,M",,,
Served-Party-IP-Address,848,,Address,"V,M",,,
Service-Data-Container,2040,,Grouped,"V,M",,,
Service-Id,855,,UTF8String,"V,M",,,
Service-Information,873,,Grouped,"V,M",,,
Service-Mode,2032,,Unsigned32,"V,M",,,
Service-Specific-Data,863,,UTF8String,"V,M",,,
Service-Specific-Info,1249,,Grouped,"V,M",,,
Service-Specific-Type,1257,,Unsigned32,"V,M",,,
Serving-Node-Type,2047,,Enumerated,"V,M",,,
Session-Direction,2707,,Enumerated,"V,M",,,
SGi-PtP-Tunnelling-Method,3931,,Enumerated,"V,M",,,
SGSN-Address,1228,,Address,"V,M",,,
SGW-Address,2067,,Address,"V,M",,,
SGW-Change,2065,,Enumerated,"V,M",,,
SIP-Method,824,,UTF8String,"V,M",,,
SIP-Request-Timestamp,834,,Time,"V,M",,,
SIP-Request-Timestamp-Fraction,2301,,Unsigned32,"V,M",,,
SIP-Response-Timestamp,835,,Time,"V,M",,,
SIP-Response-Timestamp-Fraction,2302,,Unsigned32,"V,M",,,
SM-Device-Trigger-Indicator,3407,,Enumerated,"V,M",,,
SM-Device-Trigger-Information,3405,,Grouped,"V,M",,,
SM-Discharge-Time,2012,,Time,"V,M",,,
SM-Message-Type,2007,,Enumerated,"V,M",,,
SM-Protocol-ID,2013,,OctetString,"V,M",,,
SM-Sequence-Number,3408,,Unsigned32,"V,M",,,
SM-Service-Type,2029,,Enumerated,"V,M",,,
SM-Status,2014,,OctetString,"V,M",,,
SM-User-Data-Header,2015,,OctetString,"V,M",,,
SMS-Information,2000,,Grouped,"V,M",,,
SMS-Node,2016,,Enumerated,"V,M",,,
SMS-Result,3409,,Unsigned32,"V,M",,,
SMSC-Address,2017,,Address,"V,M",,,
Start-of-Charging,3419,,Time,"V,M",,,
Start-Time,2041,,Time,"V,M",,,
# Note: 3GPP TS 32.299 V11.10.0 (2013-12) renamed,,,,,,,,
"# Status (2702) to Status-Code (2702), and then",,,,,,,,
# 3GPP TS 32.299 V11.14.0 (2014-12) renamed,,,,,,,,
# Status-Code (2702) to Status-AS-Code (2702).,,,,,,,,
Status-AS-Code,2702,,Enumerated,"V,M",,,
Stop-Time,2042,,Time,"V,M",,,
Submission-Time,1202,,Time,"V,M",,,
Subscriber-Role,2033,,Enumerated,"V,M",,,
Supplementary-Service,2048,,Grouped,"V,M",,,
TAD-Identifier,2717,,Enumerated,"V,M",,,
Talk-Burst-Exchange,1255,,Grouped,"V,M",,,
Talk-Burst-Time,1286,,Unsigned32,"V,M",,,
Talk-Burst-Volume,1287,,Unsigned32,"V,M",,,
Target-IP-Address,4412,,Address,VM,,,
Tariff-Information,2060,,Grouped,"V,M",,,
Tariff-XML,2306,,UTF8String,"V,M",,,
Teleservice,3413,,OctetString,"V,M",,,
Terminating-IOI,840,,UTF8String,"V,M",,,
Time-First-Reception,3466,,Time,"V,M",,,
Time-First-Transmission,3467,,Time,"V,M",,,
Time-First-Usage,2043,,Time,"V,M",,,
Time-Indicator,3911,,Unsigned32,"V,M",,,
Time-Last-Usage,2044,,Time,"V,M",,,
Time-Quota-Mechanism,1270,,Grouped,"V,M",,,
Time-Quota-Threshold,868,,Unsigned32,"V,M",,,
Time-Quota-Type,1271,,Enumerated,"V,M",,,
Time-Stamps,833,,Grouped,"V,M",,,
Time-Usage,2045,,Unsigned32,"V,M",,,
TLTRI,1318,,Unsigned32,V,,,M
Token-Text,1215,,UTF8String,"V,M",,,
Traffic-Data-Volumes,2046,,Grouped,"V,M",,,
Transcoder-Inserted-Indication,2605,,Enumerated,"V,M",,,
Transit-IOI-List,2701,,UTF8String,"V,M",,,
Transmitter-Info,3468,,Grouped,"V,M",,,
Trigger,1264,,Grouped,"V,M",,,
Trigger-Type,870,,Enumerated,"V,M",,,
Trunk-Group-Id,851,,Grouped,"V,M",,,
TWAG-Address,3903,,Address,"V,M",,,
TWAN-User-Location-Info,2714,,Grouped,"V,M",,,
Type-Number,1204,,Enumerated,"V,M",,,
UNI-PDU-CP-Only-Flag,3932,,Enumerated,"V,M",,,
Unit-Cost,2061,,Grouped,"V,M",,,
Unit-Quota-Threshold,1226,,Unsigned32,"V,M",,,
Unused-Quota-Timer,4407,,Unsigned32,"V,M",,,
Usage-Information-Report-Sequence-Number,3439,,Integer32,"V,M",,,
User-CSG-Information,2319,,Grouped,"V,M",,,
User-Participating-Type,1279,,Enumerated,"V,M",,,
User-Session-Id,830,,UTF8String,"V,M",,,
UWAN-User-Location-Info,3918,,Grouped,"V,M",,,
Variable-Part,3907,,Grouped,"V,M",,,
Variable-Part-Order,3908,,Unsigned32,"V,M",,,
Variable-Part-Type,3909,,Unsigned32,"V,M",,,
Variable-Part-Value,3910,,UTF8String,"V,M",,,
VCS-Information,3410,,Grouped,"V,M",,,
VLR-Number,3420,,OctetString,"V,M",,,
Volume-Quota-Threshold,869,,Unsigned32,"V,M",,,
# Note: 3GPP TS 32.299 V12.6.0 (2014-09) removed WAG-Address (890).,,,,,,,,
WAG-Address,890,,Address,"M,V",P,,,N
# Note: 3GPP TS 32.299 V12.6.0 (2014-09) removed WAG-PLMN-Id (891).,,,,,,,,
WAG-PLMN-Id,891,,OctetString,"M,V",P,,,N
# Note: 3GPP TS 32.299 V12.6.0 (2014-09) removed WLAN-Information (875).,,,,,,,,
WLAN-Information,875,,Grouped,"M,V",P,,,N
WLAN-Operator-Id,1306,,Grouped,V,,,M
WLAN-Operator-Name,1307,,UTF8String,V,,,M
WLAN-PLMN-Id,1308,,UTF8String,V,,,M
# Note: 3GPP TS 32.299 V12.6.0 (2014-09) removed WLAN-Radio-Container (892).,,,,,,,,
WLAN-Radio-Container,892,,Grouped,"M,V",P,,,N
# Note: 3GPP TS 32.299 V12.6.0 (2014-09) removed WLAN-Session-Id (1246).,,,,,,,,
WLAN-Session-Id,1246,,UTF8String,"M,V",P,,,N
# Note: 3GPP TS 32.299 V12.6.0 (2014-09) removed WLAN-Technology (893).,,,,,,,,
WLAN-Technology,893,,Unsigned32,"M,V",P,,,N
# Note: 3GPP TS 32.299 V12.6.0 (2014-09) removed WLAN-UE-Local-IPAddress (894).,,,,,,,,
WLAN-UE-Local-IPAddress,894,,Address,"M,V",P,,,N
,,,,,,,,
@standard,OMA DDS Charging Data,,,,,,,
#=,,,,,,,,
# OMA DDS Charging_Data V1.0 20110201-A,,,,,,,,
# From OMA OMA-DDS-Charging_Data-V1_0-20110201-A.pdf,,,,,,,,
#=,,,,,,,,
#,,,,,,,,
Application-Server-Id,2101,8.4,UTF8String,"M,V",,,,Y
# Note: Application-Service-Type (2102) corrected from UTF8String to Enumerated.,,,,,,,,
Application-Service-Type,2102,8.4,Enumerated,"M,V",,,,Y
# Note: ApplicationSessionId (2103) corrected from UTF8String to Unsigned32.,,,,,,,,
Application-Session-Id,2103,8.4,Unsigned32,"M,V",,,,Y
Content-ID,2116,8.4,UTF8String,"M,V",,,,Y
Content-provider-ID,2117,8.4,UTF8String,"M,V",,,,Y
DCD-Information,2115,8.5.5,Grouped,"M,V",,,,Y
Delivery-Status,2104,8.4,UTF8String,"M,V",,,,Y
IM-Information,2110,8.5.6,Grouped,"M,V",,,,Y
Number-Of-Messages-Successfully-Exploded,2111,8.4,Unsigned32,"M,V",,,,Y
Number-Of-Messages-Successfully-Sent,2112,8.4,Unsigned32,"M,V",,,,Y
Service-Generic-Information,1256,8.5.10,Grouped,"M,V",,,,Y
Total-Number-Of-Messages-Exploded,2113,8.4,Unsigned32,"M,V",,,,Y
Total-Number-Of-Messages-Sent,2114,8.4,Unsigned32,"M,V",,,,Y
,,,,,,,,
,,,,,,,,
@vendor,5535,,,,,,,
,,,,,,,,
@standard,X.S0057-0,,,,,,,
#=,,,,,,,,
# 3GPP2 X.S0057-0 v2.0,,,,,,,,
# From 3GPP2 X.S0057-0_v2.0_091215.pdf,,,,,,,,
#=,,,,,,,,
#,,,,,,,,
# Note: 3GPP2-BSID (9010) corrected from OctetString to UTF8String.,,,,,,,,
3GPP2-BSID,9010,5.6.2.1.1,UTF8String,"M,V",P,,,No
